中文字詞,英文字詞,出現頻率,負責單位
食品安全衛生管理法,Act Governing Food Safety and Sanitation,305,2科)、APHIA、BAPHIQ、TFDA、The、三區管中心、三區管理中心、北區管理中心、漁業署、監管組、研檢組、衛生福利部食品藥物管理署、防檢署、食品組、食品組2科、食品藥物管理署、食藥署、食藥署(三區管中心)、食藥署(監管組)、食藥署(食品組)、食藥署(食品組1科、食藥署(食品組1科)、食藥署(食品組6科)
食藥署,TFDA,236,BAPHIQ、BAPHIQ及TFDA、TFDA、三區管中心、三區管理中心、中區管理中心、北區管理中心、品質監督管理組、標準局、漁業署、監管組、研檢組、防檢局、防檢署、食品組、食品組5科、食藥署、食藥署(三區管中心)、食藥署(中區管理中心)、食藥署(北區管中心)、食藥署(北區管理中心)、食藥署(監管組)、食藥署(食品組)、食藥署(食品組1科)、食藥署食品組
TFDA,TFDA,140,TFDA、三區管中心、食品組
食品業者,food businesses,126,2科)、三區管中心、漁業署、食品組、食藥署、食藥署(食品組)、食藥署(食品組1科、食藥署食品組
食安法,Act Governing Food Safety and Sanitation,121,TFDA、三區管中心、三區管理中心、漁業署、監管組、防檢局、食藥署、食藥署(食品組)、食藥署(食品組1科)
中央主管機關,central competent authority,102,TFDA、三區管理中心、漁業署、研檢組、衛生福利部食品藥物管理署、食品組、食品組2科、食品藥物管理署、食藥署、食藥署(食品組)
歐盟,EU,100,BAPHIQ、中區管理中心、標檢局、衛生福利部食品藥物管理署、防檢署、食藥署
食品添加物,food additives,99,三區管中心、三區管理中心、北區管理中心、漁業署、防檢局、防檢署、食藥署、食藥署(北區管理中心)、食藥署(監管組)、食藥署(食品組)、食藥署(食品組1科)、食藥署(食品組6科)
主管機關,competent authority,71,TFDA、三區管中心、三區管理中心、漁業署、防檢署、食品組5科、食藥署(北區管理中心)、食藥署(食品組)
食品藥物管理署,TFDA,63,TFDA、北區管理中心、漁業署、研檢組、防檢署、食品藥物管理署、食藥署(北區管理中心)、食藥署(食品組1科)、食藥署(食品組6科)
食品器具,food utensils,62,三區管中心、三區管理中心、北區管理中心、漁業署、防檢局、防檢署、食藥署、食藥署(北區管理中心)、食藥署(監管組)、食藥署(食品組)
食品良好衛生規範準則,Regulations on Good Hygiene Practice for Food,56,TFDA、衛生福利部食品藥物管理署、食品藥物管理署
食品用洗潔劑,food cleansers,54,三區管中心、三區管理中心、漁業署、防檢局、防檢署、食藥署、食藥署(監管組)、食藥署(食品組)
食品容器或包裝,food containers or packaging,53,三區管中心、三區管理中心、漁業署、防檢署、食藥署、食藥署(監管組)、食藥署(食品組)
食品,foods,52,三區管理中心、北區管理中心、防檢局、防檢署、食藥署、食藥署(北區管理中心)、食藥署(監管組)、食藥署(食品組)
防檢局,BAPHIQ,52,防檢局、食藥署
農藥,pesticides,50,TFDA、中區管理中心、品質監督管理組、農政機關、防檢署、食藥署
動物用藥品管理法,Veterinary Drugs Control Act,48,APHIA、BAPHIQ、三區管中心、漁業署、防檢局、防檢署、食品組、食藥署(中區管理中心)、食藥署(食品組)、食藥署(食品組1科)
防檢署,APHIA,47,三區管中心、中區管理中心、北區管理中心、漁業署、防檢署、食品組5科、食藥署、食藥署(中區管理中心)、食藥署(北區管理中心)、食藥署(食品組)、食藥署(食品組1科)
動物產品,animal products,46,2科)、TFDA、三區管中心、防檢署、食藥署、食藥署(中區管理中心)、食藥署(食品組)、食藥署(食品組1科、食藥署食品組
食品良好衛生規範準則,Regulations on Good Hygiene Practice for Food (GHP),45,TFDA、漁業署、食品組、食藥署
氯黴素,chloramphenicol,42,APHIA、BAPHIQ、TFDA、防檢署、食藥署
食品安全管制系統準則,Regulations on Food Safety Control System,42,TFDA、防檢局、食品組
HACCP,HACCP,42,三區管中心、標準局、漁業署、監管組、農政機關、食品組、食藥署、食藥署(三區管中心)、食藥署(食品組)、食藥署食品組
食品安全,food safety,39,食藥署(食品組)
藥理活性物質,pharmacologically active substances,38,中區管理中心、防檢署、食品組5科、食藥署
原材料,raw materials,35,漁業署、食品組、食藥署、食藥署(食品組)
禁用物質,prohibited substances,34,TFDA、防檢署、食藥署
動植物防疫檢疫署,BAPHIQ,32,BAPHIQ、BAPHIQ及TFDA、TFDA、防檢局
食品安全監測計畫,food safety monitoring plan,31,食藥署(食品組)
水產品,fishery products,30,北區管理中心、標檢局、標準局、漁業署、防檢署、食品組、食藥署
動物用藥,veterinary drugs,30,中區管理中心、農政機關、防檢署
食品安全管制系統準則,Regulations on Food Safety Control System (HACCP),29,TFDA、三區管中心、漁業署、食藥署
食品及其相關產品追溯追蹤系統管理辦法,Regulations Governing Traceability of Foods and Relevant Products,29,食藥署
污染物,contaminants,28,TFDA、The、中區管理中心、品質監督管理組、防檢署、食藥署
Council Directive 96/23/EC,Council Directive 96/23/EC,28,
食品生產動物,food-producing animals,28,APHIA、防檢署
食品中毒,food poisoning,27,防檢署、食藥署、食藥署(食品組)
蛋製品,egg products,27,BAPHIQ、TFDA、中區管理中心、品質監督管理組、畜產、防檢局、防檢署、食藥署(三區管中心)
Regulation (EU) 2022/2292,Regulation (EU) 2022/2292,27,
半成品,semi-products,26,漁業署、食品組、食藥署、食藥署(食品組)
成品,end products,26,漁業署、食品組、食藥署、食藥署(食品組)
回收,recall,26,TFDA、漁業署、防檢署、食品組、食藥署(食品組)
輸入食品系統性查核實施辦法,Regulations for Systematic Inspection of Imported Food,26,三區管理中心、衛生福利部食品藥物管理署、食品組2科、食藥署
風險評估,risk assessment,25,TFDA、食品藥物管理署、食藥署、食藥署(食品組1科)
有機氯化合物,organochlorine compounds,25,MOA、TFDA、中區管理中心、農業部、防檢署
殘留物,residues,25,漁業署、研檢組、防檢署、食品組、食藥署(食品組1科)
環境污染物,environmental contaminants,24,APHIA、MOA、中區管理中心、漁業署、農業部、防檢署、食藥署、食藥署(食品組1科)
硝基咪唑,nitroimidazoles,24,TFDA、防檢署、食藥署
沙門氏菌,Salmonella,24,TFDA、防檢局、食藥署、食藥署(三區管中心)
抽樣檢驗,sampling and testing,24,防檢署、食藥署(食品組)
GHP,GHP,24,TFDA、食藥署、食藥署(食品組)
乳製品,dairy products,24,監管組
食品衛生安全,food sanitation and safety,24,TFDA、三區管理中心、食品組2科、食藥署、食藥署(食品組)
後市場監測計畫,post-market monitoring plan,23,TFDA、中央畜產會
微生物,microorganisms,22,TFDA、漁業署、研檢組、防檢局、防檢署、食品組、食藥署、食藥署(北區管中心)
水產品,aquatic products,22,TFDA、三區管中心、漁業署、食品組
農藥殘留,pesticide residues,22,TFDA、中區管理中心、品質監督管理組、防檢署
獸藥管理法,Veterinary Drugs Control Act,22,APHIA、中區管理中心、防檢署
動物用藥殘留,veterinary drug residues,22,BAPHIQ、FSI、TFDA、中區管理中心、品質監督管理組、防檢署、食藥署(食品組)
漁業署,FA,22,FA、三區管中心、三區管理中心、北區管理中心、漁業署、監管組、研檢組、食品組
主管機關,competent authorities,21,中區管理中心、防檢署、食藥署
食品及相關產品輸入查驗辦法,Regulations of Inspection of Imported Foods and Related Products,21,2科)、TFDA、食藥署、食藥署(食品組1科
食品業者登錄辦法,Regulations Governing the Registration of Food Businesses,21,漁業署、食品組、食藥署、食藥署(食品組)
食品業者,food business operators,20,TFDA、食品組5科、食藥署
雙枚貝類,bivalve molluscs,20,標準局
抗生素,antibiotics,20,APHIA、防檢署
衛生福利部,Ministry of Health and Welfare,20,BAPHIQ、防檢署、食品藥物管理署、食藥署
衛生局,health bureaus,20,三區管中心、食品組、食藥署、食藥署食品組
動物用藥產品,veterinary medicinal products,20,中區管理中心、防檢署
矯正措施,corrective actions,19,防檢局、食品組、食藥署(三區管中心)
衛生證明,SANITARY CERTIFICATE,19,TFDA、衛生福利部食品藥物管理署、食品藥物管理署
動物用藥殘留標準,Standards for veterinary drug residue limits in foods,19,防檢署、食藥署、食藥署(中區管理中心)、食藥署(食品組)
食品,food products,19,MOHW、衛生福利部、食藥署
動物用藥殘留標準,Standards for Veterinary Drug Residue Limits in Foods,19,TFDA、防檢署、食藥署、食藥署(食品組1科)
水產養殖,aquaculture,18,APHIA、漁業署、食品組
抗球蟲藥,anticoccidials,18,APHIA、中區管理中心、防檢署
食品中微生物衛生標準,Sanitation Standard for Microorganisms in Foods,17,2科)、食品組、食藥署、食藥署(食品組)、食藥署(食品組1科
危害分析,hazard analysis,17,三區管中心、漁業署、食品組、食藥署
品質管制,quality control,17,TFDA、研檢組、食藥署(監管組)、食藥署(食品組)
加工廠,processing plants,17,TFDA、標準局
加工廠,Processing plants,17,食藥署
食品工廠建築及設備設廠標準,The Establishment Standards of Construction and Equipment of a Food Factory,17,三區管中心、漁業署、食藥署(食品組)
停藥期,withdrawal period,17,APHIA、TFDA、防檢局、防檢署
衛生福利部,MOHW,16,MOHW
人類食用,human consumption,16,APHIA、防檢署
一般食品衛生標準,Sanitation Standard for General Foods,16,食藥署
食品藥物管理署,Food and Drug Administration (TFDA),16,衛生福利部、衛生福利部食品藥物管理署、食品藥物管理署
雞蛋,hen eggs,16,TFDA
硝基呋喃,nitrofurans,15,BAPHIQ、TFDA、防檢署、食藥署
後市場殘留物監測計畫,post-market residue monitoring plan,15,TFDA、中區管理中心、品質監督管理組、防檢署、食品組5科、食藥署
地方縣（市）衛生局,Local County / City Health Bureaus,15,地方縣（市）衛生局
殘留,residues,15,
肉類產品,meat products,15,
自主檢驗,self-testing,15,
動物用藥品,veterinary drugs,15,APHIA、BAPHIQ、動植物防疫檢疫署、防檢局、防檢署
可追溯性,traceability,15,三區管中心、三區管理中心、漁業署、防檢署、食藥署(中區管理中心)
鴨蛋,duck eggs,15,TFDA
硝基呋喃代謝物,nitrofuran metabolites,15,TFDA
食品及其相關產品回收銷毀處理辦法,Regulations of recall and destruction for food and related products,14,漁業署、食品組、食藥署
食品安全危害,food safety hazards,14,食品組
BAPHIQ,BAPHIQ,14,
動植物防疫檢疫署,APHIA,14,APHIA、防檢署、食藥署(北區管理中心)
重要管制點,critical control points (CCPs),14,食品組
管制界限,critical limits,14,食品組
理事會 96/23/EC 指令,Council Directive 96/23/EC,14,
食品中污染物質及毒素衛生標準,Sanitation Standard for Contaminants and Toxins in Food,14,食品組
認證範圍,scope of accreditation,14,中區管理中心、中央畜產會、畜產、防檢署
安全容許量,permissible tolerance,14,防檢署、食藥署(食品組1科)
邊境查驗,border inspection,14,TFDA、三區管理中心、食品組2科、食藥署
蛋品,eggs,14,TFDA、防檢署、食藥署
衛生福利部,Ministry of Health and Welfare (MOHW),14,
包裝材料,packaging material,14,食藥署(食品組)
追溯,traceability,14,食藥署(監管組)
食品衛生標準,food sanitary standards,13,TFDA
監測計畫,monitoring plan,13,食品組
蜂蜜,honey,13,農政機關、食藥署
地方衛生局,local health bureaus,13,北區管理中心、漁業署、研檢組、防檢署、食品組、食藥署(中區管理中心)
標準局,BSMI,13,BSMI、標檢局、標準局
檢驗,testing,13,TFDA、三區管中心、食品組、食藥署(食品組)
地方政府衛生局,local health bureaus,13,三區管中心、三區管理中心、漁業署、防檢局、防檢署、食藥署、食藥署(三區管中心)
製程管理及品質管制基準,Process Management and Quality Control Guidelines,13,漁業署、食品組、食藥署(食品組)
成品,finished products,13,食藥署(食品組)
殘留物監測計畫,residue control plan,13,防檢署、食藥署
食品容器,food containers,12,北區管理中心、防檢署、食藥署、食藥署(北區管理中心)
衛生證明,sanitary certificate,12,北區管理中心、防檢署、食藥署、食藥署(北區管理中心)
獸藥,veterinary drugs,12,BAPHIQ、TFDA、防檢署
獸藥使用規程,Veterinary Drugs Uses Regulations,12,APHIA
漁業署,Fisheries Agency,12,三區管中心、漁業署、防檢署
標檢局,BSMI,12,標檢局
食品衛生與安全,food sanitation and safety,12,TFDA、衛生福利部食品藥物管理署、食品藥物管理署
家禽,poultry,12,農政機關、防檢局、防檢署
食品良好衛生規範,Regulations on Good Hygiene Practice for Food,12,TFDA
主管機關,Competent Authority,12,
農產品,agricultural products,12,TFDA、漁業署
動物用藥品,veterinary medicinal products,12,TFDA、防檢局、防檢署、食品組5科
化學物質,chemical substances,12,TFDA、防檢局、食藥署(北區管中心)
國家殘留監測計畫,national residue monitoring plan,12,中區管理中心、品質監督管理組、防檢署
輸入國,importing countries,12,TFDA
實驗室認證,laboratory accreditation,12,TFDA、三區管理中心、漁業署、防檢局、食藥署
抗菌物質,antibacterial substances,12,APHIA、TFDA、防檢署
Regulation (EU) 2017/625,Regulation (EU) 2017/625,12,
抗球蟲藥,anticoccidials drugs,12,TFDA
孔雀石綠,malachite green,11,
自由銷售證明,certificate of free sales,11,北區管理中心、防檢署、食藥署、食藥署(北區管理中心)
能力試驗,proficiency testing,11,TFDA、北區管理中心、漁業署、監管組、研檢組、食藥署
蛋品,egg products,11,TFDA、防檢署、食藥署、食藥署(中區管理中心)
生產輸銷美國加熱肉品食品工廠監督管理要點,Directions,11,防檢局、食藥署
特管食品,THE FOOD,11,
衛生局,Health Bureaus,11,
屠宰場,slaughterhouses,11,中區管理中心、防檢署、食藥署(中區管理中心)
動物產品中農藥殘留容許量標準,Standards for Pesticide Residue Limits in Animal Products,11,食藥署
食品原料,food raw materials,11,COA
食品標示,food labeling,11,Division、Food、Safety、TFDA、of、食品組、食藥署
交叉污染,cross-contamination,11,食品藥物管理署
化學殘留物,chemical residues,11,TFDA
藥理活性物質,pharmacologically active substance,11,TFDA、食品組5科、食藥署
原料,raw materials,11,食藥署
食品,food,11,TFDA、食品藥物管理署
食品安全管制系統,food safety control system,11,三區管中心、漁業署、食藥署食品組
重金屬,heavy metals,10,TFDA、漁業署、農政機關、防檢署、食品組、食藥署(食品組1科)
戴奧辛,dioxins,10,防檢署、食藥署、食藥署(食品組1科)
動物源性產品,animal origin products,10,中區管理中心、食品組5科
自主管理,self-management,10,食藥署、食藥署(食品組)
研究檢驗組,Division of Research & Analysis,10,防檢署、食品藥物管理署、食藥署(食品組)
食品衛生安全管理,management of food sanitation and safety,10,食品藥物管理署
衛生福利部食品藥物管理署,TFDA,10,TFDA、衛生福利部食品藥物管理署
危害分析重要管制點,Hazard Analysis Critical Control Point,10,食品組
農產品,agricultural produce,10,COA
官方管制,official controls,10,BSMI
殘留監測計畫,residue monitoring plan,10,BAPHIQ、TFDA、中區管理中心、防檢署、食品組5科、食藥署
抗生素,antimicrobials,10,APHIA
生產食品之動物,food-producing animals,10,防檢署
危害分析重要管制點,HACCP,10,
自由銷售證明,CERTIFICATE of FREE SALES AND MANUFACTURE,10,TFDA、衛生福利部食品藥物管理署、食品藥物管理署
歐盟法規,EU regulations,10,BAPHIQ
動物健康,animal health,10,食藥署
殘留物,residue,9,中區管理中心、食品組5科
食品安全衛生管理法施行細則,Enforcement Rules of the Act Governing Food Safety and Sanitation,9,北區管理中心、防檢署、食藥署
檢驗報告,test report,9,北區管理中心、防檢署、食藥署、食藥署(北區管理中心)
衛生標準,hygiene standards,9,漁業署
藥物殘留,drug residues,9,漁業署、農方、防檢署、食品組
銷毀,destroyed,9,2科)、TFDA、食藥署(食品組1科
食品及其相關產品追溯追蹤管理辦法,Regulations Governing Traceability of Foods and Relevant Products,9,食藥署
品保,quality assurance,9,食藥署(食品組)
認證機構,accreditation body,9,中區管理中心、防檢署
蜂蜜,Honey,9,
生產輸銷美國加熱肉品食品工廠監督管理工作計畫,Work Plan for Auditing Establishments Producing Heat Treated Meat Products for the U.S. Market,9,BAPHIQ、CCA、防檢局
水活性,water activity,9,防檢局
追蹤追溯,traceability,9,標準局、漁業署、食品組、食藥署、食藥署(食品組)
封存產品,sealing the products,9,食藥署、食藥署(食品組)
輸出產品,export products,9,
追溯追蹤系統,traceability system,9,
農委會,COA,9,農委會
食品業者,Food businesses,9,
肉品加工廠,meat processing plants,9,TFDA、食藥署
雞蛋,eggs,9,APHIA、BAPHIQ、防檢署
基因改造食品原料,genetically modified food raw materials,9,
殘留監測,residue monitoring,9,中區管理中心、防檢署
加熱肉品,heat-treated meat products,9,防檢局
食品衛生安全監測體系,food sanitation and safety monitoring system,9,食藥署(食品組)
食品藥物管理署,Food and Drug Administration,9,食品藥物管理署
甲殼類,crustaceans,9,
獸藥殘留,veterinary drug residues,9,BAPHIQ、中區管理中心、防檢署
獸醫主管機關,veterinary competent authority,8,
食品法規,food regulations,8,中區管理中心、食品組5科
地方政府衛生局,Local health bureaus,8,
食品衛生安全,food safety and sanitation,8,三區管中心、食品組、食藥署
分析物,analyte,8,畜產、衛生福利部食品藥物管理署
動物產品,animal product,8,APHIA、防檢署、食藥署
動物用藥殘留,veterinary drugs residue,8,
交叉污染,cross contamination,8,
水生生物產品,hydrobiological products,8,漁業署
食品業者登錄,food business registration,8,
水產養殖（魚類，包括鰻魚、甲殼類及其他水產養殖產品，如魚卵和魚子）,"Aquaculture (finfish, including eels, crustaceans and other aquaculture products, such as roes and caviar)",8,
生牛、羊及山羊乳,"Raw bovine, ovine and caprine milk",8,
雞蛋及其他蛋類,Hen eggs and other eggs,8,
食品廠,establishments,8,
殘留物監測計畫,residue monitoring plan,8,畜產、食藥署
肉製品,meat products,8,
食品安全問題,food safety issues,8,食藥署
戴奧辛,Dioxin,8,中區管理中心、品質監督管理組、防檢署
李斯特菌,Listeria monocytogenes,8,三區管中心、食品組1科
金黃色葡萄球菌,Staphylococcus aureus,8,三區管中心、防檢局、食品組1科、食藥署(三區管中心)
畜產品,livestock products,8,TFDA
邊境查驗,border inspections,8,2科)、食藥署(食品組1科
藥理活性物質,pharmacologically active substance(s),8,防檢署
良好衛生規範,GHP,8,
食品添加物使用範圍及限量暨規格標準,"Standards for Specification, Scope, Application and Limitation of Food Additives",8,
食品衛生訓練,food sanitation trainings,8,TFDA、衛生福利部食品藥物管理署
食品化學,food chemistry,8,TFDA
輸出食品,export food products,8,
動物用藥,veterinary medicinal products,8,防檢署
違規產品,non-compliance products,8,TFDA
檢驗報告,TEST REPORT,8,TFDA、衛生福利部食品藥物管理署、食品藥物管理署
肉品加工廠,meat processing establishments,8,
食品,Food,7,三區管中心、國貿署、食品組
食品標示,food labelling,7,TFDA、三區管中心、漁業署、衛生福利部食品藥物管理署
品質保證措施,quality assurance measures,7,
肉品,meat products,7,防檢局、防檢署、食藥署(中區管理中心)
食品組,Division of Food Safety,7,防檢署、食品藥物管理署、食藥署(食品組)
分析物,analytes,7,食藥署
農業部,Ministry of Agriculture,7,動植物防疫檢疫署
等效性,equivalence,7,衛生福利部食品藥物管理署
管制措施,control measures,7,防檢局
風險評估,risk assessments,7,
輸入食品,imported foods,7,Division、Food、Safety、of、食藥署
牛,Bovine,7,
羊,Ovine,7,
山羊,Caprine,7,
豬,Porcine,7,
馬,Equine,7,
家禽,Poultry,7,
腸衣,Casings,7,
卸魚場,Landing sites,7,三區管中心、漁業署、防檢署、食品組
官方實驗室,official laboratories,7,
單核球增多性李斯特菌,Lm,7,防檢局、食藥署
現場稽核,on-site inspection,7,食藥署、食藥署(食品組)
市場下架,withdrawing from the market,7,食藥署、食藥署(食品組)
食品行政管理,food administrative management,7,三區管中心、食品組
輸入食品,imported food,7,
戴奧辛類多氯聯苯,Dioxin-like PCBs,7,中區管理中心、品質監督管理組、防檢署
非戴奧辛類多氯聯苯,non-dioxin-like PCB,7,中區管理中心、品質監督管理組、防檢署
動物用藥殘留,residual veterinary drugs,7,三區管中心、漁業署、食藥署
抗生素,antibiotic,7,TFDA、食藥署
停藥期,drug withdrawal periods,7,防檢署
食品器具容器包裝衛生標準,"Sanitation Standard for Food Utensils, Containers and Packages",7,
飲用水水質標準,Drinking Water Quality Standards,7,
流行病學調查,epidemiological survey,7,食藥署(食品組6科)
輸入,imported,7,食藥署(食品組6科)
輸出,exported,7,食藥署(食品組6科)
食品安全與品質,food safety and quality,7,
地方政府衛生局,local county/city health bureaus,7,食藥署
TAF認證,TAF accredited,7,防檢局、食藥署(北區管中心)
氯黴素,Chloramphenicol,7,防檢局、防檢署
監控計畫,control plan,7,食藥署
鴨蛋,duck egg,7,
化學殘留,chemical residues,7,TFDA
基質,matrices,7,畜產
標準作業程序,standard operating procedures,7,
衛生管制系統,sanitation control systems,7,
食品安全管理,food safety management,7,
殘留物監測,residue monitoring,7,防檢署、食藥署、食藥署(中區管理中心)
抗球蟲藥,coccidiostats,7,防檢署
抗原蟲藥,antiprotozoals,7,防檢署
歐盟標準,EU standards,6,
確效,validated,6,中區管理中心、中央畜產會、品質監督管理組、研檢組
食品業者,food business,6,食藥署
檢驗機構,testing institutions,6,
肉類加工業,meat processing industries,6,
食安法施行細則,Enforcement Rules of the Act Governing Food Safety and Sanitation,6,防檢局、食藥署
MOHW,MOHW,6,
食品衛生安全及品質,"food sanitation, safety and quality",6,三區管中心、食品組
產品品質保證,product quality assurance,6,
藥物與化學殘留,drug and chemical residues,6,
農藥管理法,Agro-pesticides Management Act,6,
退運,returned,6,2科)、食藥署(食品組1科
動物源食品,animal origin products,6,
認證證書,accreditation certificate,6,中區管理中心、防檢署
食品安全風險評估,food safety risk assessment,6,BAPHIQ
蛋雞,laying hens,6,防檢署
動物用藥,veterinary medicines,6,中區管理中心、品質監督管理組、防檢署
蛋品,egg samples,6,中區管理中心、防檢署、食藥署
水產養殖用藥指南,The guidelines for use of drugs in aquaculture,6,APHIA
水產飼料,feed for aquaculture,6,三區管中心、漁業署、防檢署、食品組
能力試驗計畫,proficiency testing schemes,6,中區管理中心、品質監督管理組、防檢署
加工衛生證明,Manufactured Sanitary Certificate,6,動植物防疫檢疫局、防檢署、食藥署(北區管理中心)
食品加工廠,food processing establishments,6,三區管中心、漁業署、食品藥物管理署
甲硝唑,metronidazole,6,防檢署
喹諾酮類,quinolones,6,TFDA、食藥署
四環素類,tetracyclines,6,TFDA、食藥署
大環內酯類,macrolides,6,TFDA、食藥署
殘留農藥,pesticide residue,6,
方法確效,method validation,6,中區管理中心、品質監督管理組、防檢署
歐盟,European Union,6,食藥署
官方取樣,official sampling,6,中區管理中心、防檢署
蛋類與蛋製品,egg and egg products,6,
食品法典指南,Codex Alimentarius guidelines,6,中區管理中心、防檢署
現場查核,on-site examination,6,
區管中心,Regional Administration Centers,6,
主動查驗,active inspection,6,食藥署(食品組)
自主檢驗,perform testing on their own,6,食藥署(食品組)
食品製造業者,food manufacturers,6,食品藥物管理署、食藥署(食品組)
複合性食品,composite products,6,食藥署
即食性加熱全熟肉品,heat-treated RTE meat products,6,防檢局、食藥署
重金屬,heavy metal,6,
可食用動物基質,edible animal matrices,6,農政機關、食藥署
動物來源食品,food of animal origin,6,
衛生管理,hygiene management,6,農政機關、食藥署
澳洲紐西蘭食品標準法典,Australia New Zealand Food Standards Code,6,
風險分析,risk profiling,6,中區管理中心、防檢署
執委會實施條例,Commission Implementing Regulation,6,畜產
魚子醬,caviar,6,
食品良好衛生規範準則,GHP,6,食藥署、食藥署(食品組)
ISO/IEC 17025,ISO/IEC 17025,6,TFDA、食藥署(北區管中心)
中央主管機關,central competent authorities,6,
殘留限量,residue limits,6,
雞蛋,hen egg,6,
食品衛生與安全管理,food sanitation and safety management,6,TFDA、衛生福利部食品藥物管理署
偵測極限,limit of detection,6,
行動基準,level of action,6,
動物用藥品處方,veterinary prescription,6,
半成品,semi-finished products,6,
飼料管理法,Feed Control Act,6,三區管中心、漁業署、食品組
品質監督管理組,Division of Quality Compliance and Management,6,防檢署、食藥署(食品組)
食品衛生安全,food hygiene and safety,6,三區管中心、防檢署、食藥署(三區管中心)、食藥署(食品組)、食藥署食品組
目標微生物,target microorganisms,5,食品組、食藥署(三區管中心)、食藥署(食品組)
銷毀,destruction,5,
認證,certification,5,研檢組、食藥署(監管組)
食品衛生檢驗,testing for food sanitation,5,
中央及地方衛生主管機關,central or local health authorities,5,
食品業者,food businesses operators,5,
實驗室,laboratories,5,
衛生標準,sanitation standards,5,TFDA
動物源食品,products of animal origin,5,
COA,COA,5,
追溯性,traceability,5,BAPHIQ、漁業署
動植物防疫檢疫署,Bureau of Animal and Plant Health Inspection and Quarantine (BAPHIQ),5,動植物防疫檢疫署
抗菌劑,antimicrobials,5,
動物用藥殘留,veterinary drug residue,5,中區管理中心、衛生福利部食品藥物管理署、防檢署、食藥署
抗球蟲藥物,anticoccidials,5,APHIA、防檢局、防檢署
重金屬,metals,5,TFDA
認證實驗室,accredited laboratories,5,中區管理中心、防檢署、食藥署(監管組)
動物用藥與農藥殘留物容許量,veterinary drug and pesticide residue limits,5,食藥署
水產品加工廠,aquatic product processing plants,5,
食品中毒防治衛生講習,food poisoning prevention seminar,5,
蛋類與蛋製品,eggs and egg products,5,
蛋類,eggs,5,
輸銷歐盟漁獲物魚市場及卸魚場衛生管理作業要點,Directions on Sanitation Management of Auction Markets and Landing Sites for Fishery Products Intent to Export to EU,5,三區管中心、漁業署
遠洋漁船,Distant water fishing vessels,5,三區管中心、漁業署
外銷登錄遠洋漁船衛生管理作業要點,Directions on Hygiene Management of Distant Water Fishing Vessels Registered to Export Fishery Products,5,三區管中心、漁業署
沿近海漁船,Coastal waters fishing vessels,5,三區管中心、漁業署
輸歐盟漁產品供貨漁船衛生管理作業要點,Direction Governing Sanitation Management of Fishing Vessels Supplying Fishery Products to Processing Plants Intent to Export to EU,5,三區管中心、漁業署
中央主管機關,CCA,5,BAPHIQ、防檢局
食品及相關產品追溯管理辦法,Regulations Governing Traceability of Foods and Relevant Products,5,
特管食品（包括水產副產品）,THE FOOD (including fishery by-products),5,
回收產品,recalling the products,5,食藥署
雙枚貝類,bivalve mollusc,5,
動物用藥殘留,residues of veterinary drugs,5,中區管理中心、品質監督管理組、防檢署
農藥殘留,pesticides residues,5,TFDA、中區管理中心、品質監督管理組、防檢署
食品良好衛生規範準則（GHP）,Regulations on Good Hygiene Practice for Food (GHP),5,
良好衛生規範,good hygiene practice (GHP),5,
沙門氏菌,Salmonella spp.,5,三區管中心、食品組1科
屠體,carcasses,5,農政機關、防檢署
分離生產系統,segregated production system,5,防檢署
馬兜鈴屬,Aristolochia spp.,5,
單核球增多性李斯特菌,Listeria monocytogenes,5,食藥署(三區管中心)
硝基呋喃類,nitrofurans,5,
分析方法,analytical methods,5,畜產
定量極限,limit of quantification (LOQ),5,TFDA
法律依據,legal basis,5,防檢署
全國認證基金會,Taiwan Accreditation Foundation (TAF),5,TFDA、防檢局
國際實驗室認證聯盟,International Laboratory Accreditation Cooperation (ILAC),5,TFDA、防檢局
亞太認證合作組織,Asia Pacific Accreditation Cooperation (APAC),5,TFDA、防檢局
國際相互承認協議,Mutual Recognition Arrangement (MRA),5,TFDA、防檢局
目標物種,target species,5,防檢署
給藥途徑,route of administration,5,防檢署
熱處理,heat treatment,5,
農業部,MOA,5,MOA、農業部、防檢署
農業委員會,Council of Agriculture (COA),5,
最大殘留容許量,MRLs,5,TFDA
獸藥殘留,veterinary drug residue,5,BAPHIQ、TFDA、The、中區管理中心、防檢署
國家管制方案,National Control Programmes,5,
後市場監測,post-market surveillance,5,
食品稽查專案,food inspection projects,5,食品藥物管理署、食藥署
二苯乙烯,stilbenes,5,防檢署
食品衛生,food sanitation,5,研檢組
磺胺類,sulphonamides,5,TFDA
β-內醯胺類,β-lactam,5,TFDA
微生物,microbiology,5,
獸藥殘留,veterinary drugs residue,5,
肉品,meat,5,農政機關、防檢局
最大殘留限量,MRLs,5,食品組5科、食藥署
地方政府衛生局,Local County/City Health Bureaus,5,
輸出國,exporting countries,5,農政機關
委員會 98/179/EC 決議,Commission Decision 98/179/EC,5,
食品業者,food business operator,5,中區管理中心、防檢署
第三國,third countries,5,食藥署
食品安全事件,food safety issues,5,食藥署
衛生福利部食品藥物管理署,"Food and Drug Administration, Ministry of Health and Welfare",5,衛生福利部食品藥物管理署
下架,withdrawing from the market,5,
檢疫證明,veterinary certificate,5,動植物防疫檢疫局、食藥署(北區管理中心)
食品安全管理系統,food safety management system,5,防檢局
輸入國,importing country,5,防檢署、食藥署
回收產品,recalling,5,食藥署(食品組)
授權食品廠,authorised establishments,5,
卡巴得,carbadox,5,防檢署、食藥署
農場動物用藥品監測計畫,on-farm veterinary drug monitoring plan,5,BAPHIQ、防檢局
動物源產品,products of animal origin,5,
陽性與陰性對照,positive and negative assay controls,5,TFDA、食藥署(監管組)
抽樣計畫,sampling plan,5,防檢署、食藥署(中區管理中心)
地方衛生局,Local County/City Health Bureaus,5,
澳洲相關要求,Relevant Australian requirements,5,
殘留物監控計畫,residue control plan,5,
後市場蛋品殘留物監測計畫,post-market residue monitoring plan for eggs products,5,TFDA
不合格產品,non-compliance products,5,食藥署(食品組)
衛生管理人員,sanitation control personnel,5,
產品流向,flow of the product,5,
結晶紫,crystal violet,5,
官方樣品,official samples,5,三區管理中心、漁業署、食藥署
ISO 17025 認證,ISO 17025 accreditation,5,
動植物防疫檢疫局,Bureau of Animal and Plant Health Inspection and Quarantine (BAPHIQ),5,動植物防疫檢疫局
官方樣本,official samples,5,
乳與乳製品,milk and dairy products,5,
地方政府衛生機關,local governmental health authorities,5,
營養,nutrition,5,TFDA
歐盟最大殘留限量,EU MRL,5,食藥署
獸醫公共衛生,veterinary public health,5,
後市場蛋品殘留物監測計畫,post-market residue monitoring plan,5,TFDA
人類消費,human consumption,5,防檢署
食品安全衛生規定,food safety and sanitation regulations,5,
國家容許量,national tolerance,5,
外銷水產品衛生安全管理系統驗證實施辦法,Regulations Governing Implementation of Hygiene and Safety Management System Certification of Fishery Products for Export,5,標準局
動物源性產品,products of animal origin,4,
ALARA原則,ALARA principle,4,
隨機取樣,random sampling,4,中區管理中心、防檢署
水產品加工廠,Aquatic product processing plants,4,食品組
檢驗方法,testing methods,4,漁業署、研檢組
品質保證,quality assurance,4,食品藥物管理署、食藥署
研檢組,Division of Research and Analysis,4,漁業署、研檢組
檢驗實驗室,testing laboratories,4,食藥署(北區管中心)
品保制度,quality assurance system,4,食藥署(食品組)
輸出動物產品檢疫證明書,Veterinary Certificate for Export of Animal Products,4,防檢局
衛生檢查,hygiene inspection,4,
行政院農業委員會,Council of Agriculture (COA),4,
不符規定之產品,non-conforming products,4,三區管中心、食品組
食品安全檢查署,FSIS,4,防檢局
水產加工廠,aquatic product processing plants,4,
殘留管制,residues controls,4,
地方動物疾病檢疫機關,Local Animal Disease Inspection Authorities (LADIAs),4,
賀爾蒙,hormones,4,防檢署
法律依據,Legal basis,4,
標示,labeling,4,衛生福利部食品藥物管理署、食藥署
系統性查核,systematic inspection,4,衛生福利部食品藥物管理署、食藥署
未上市水產品產地監測計畫,The Quality and Hygienic Condition Surveillance of Fisheries Products on Fish Farms and Vessels,4,漁業署
食品衛生安全管理體系,food safety management system,4,
獸醫證明書,veterinary certificate,4,BAPHIQ
食品業者登錄規定,food business registration,4,
GHP,Regulations on Good Hygiene Practice for Food (GHP),4,
中央主關機關,central competent authority,4,
中央畜產會,NAIF,4,
台灣認證基金會,Taiwan Accreditation Foundation (TAF),4,中區管理中心、防檢署
食品藥物業者登錄平台,Food and Medicinal Products Business Registration Platform,4,食品組
預煮鹹鴨蛋蛋黃,Pre-cooked salted duck eggs yolk,4,
皮蛋,Preserved duck eggs,4,
加工廠,processing plant,4,
乳及乳製品,milk and dairy products,4,
動植物防疫檢疫署,Animal and Plant Health Inspection Agency (APHIA),4,動植物防疫檢疫署
外銷水產品特約檢驗辦法,Regulations Governing Contracted Inspection for Fishery Products Intent for Export,4,標檢局、標準局
飼料工廠,Feed plants,4,三區管中心、漁業署、防檢署、食品組
肉品檢驗,meat inspection,4,
稽查,inspection,4,三區管中心、食品組
食品產品,food products,4,
行政院食品安全會報,Food Safety Board under Executive Yuan,4,
食品安全評估工作小組,Food safety assessment working groups,4,
輸入食品及藥物申請報驗作業流程圖,Flow chart of imported food and drug inspection application,4,TFDA
出口衛生證明,export health certificate,4,北區管理中心、標準局、防檢署、食藥署(北區管理中心)
冷凍食品衛生標準,Sanitation Standard for Frozen Foods,4,
食品規範,Food Regulations,4,TFDA
動物用藥殘留標準,standards for veterinary drug residues,4,APHIA
抽批查驗,randomly-selected batch inspections,4,
食品安全管理體系,food safety management system,4,
食物中毒,food poisoning,4,
氯仿,chloroform,4,
氯丙嗪,chlorpromazine,4,
水產副產品,aquatic by-products,4,
食品,the Food,4,三區管中心、漁業署、防檢署、食品組
最大殘留容許量,maximum residue limits (MRLs),4,TFDA
主管部門,competent authorities,4,
化學殘留物,chemical residue,4,食品藥物管理署
實驗室,laboratory,4,食藥署
品質系統,quality system,4,
食品檢驗方法諮議會,Council Advisory Committee of Food Testing Methods,4,三區管理中心
動物性產品,animal products,4,三區管中心、漁業署、食品藥物管理署、食藥署
地方縣(市)衛生局,Local County/City Health Bureaus,4,
衛生標準,sanitation standard,4,TFDA
邊境輸入食品,imported foods from the border,4,TFDA
國內市售食品,commercial foods in domestic market,4,TFDA
食品添加物與成分,food additives and ingredients,4,TFDA
食品微生物學,food microbiology,4,TFDA
仿冒食品,fraudulent foods,4,TFDA
食品器具、容器與包裝,"food utensils, containers and packages",4,TFDA
食品重金屬量,heavy metals in foods,4,TFDA
食品黴菌毒素,mycotoxins in foods,4,TFDA
食源性病毒,foodborne viruses,4,TFDA
分析品管,Analytical quality control (AQC),4,TFDA
認可範圍,scope of accreditation,4,中區管理中心、品質監督管理組、防檢署
回收,recalled,4,TFDA
衛生主管機關,competent health authorities,4,
農政機關,agricultural authorities,4,三區管中心、食品組
抗菌物質,antimicrobial substances,4,防檢署
實驗室檢驗分析,laboratory related test analysis,4,TFDA
輸出,exporting,4,
加工,processing,4,
食品良好衛生規範,GHP,4,
法規 (EU) 2021/405,Regulation (EU) 2021/405,4,
法規 (EU) 2022/2292,Regulation (EU) 2022/2292,4,
農藥殘留物,pesticides residues,4,
甲狀腺亢進藥,thyrostats,4,防檢署
沙門氏桿菌,Salmonella,4,防檢局
腸桿菌科,Enterobacteriaceae,4,
病原性生物,pathogenic organisms,4,食藥署(食品組6科)
官方管制措施,official controls,4,
農藥殘留,pesticide residue,4,
動物防疫檢疫署,APHIA,4,APHIA、防檢署
抗球蟲藥殘留,coccidiostat residues,4,食藥署
醬油,soy sauce,4,監管組
食品添加物管理,food additives management,4,
硝基呋喃,Nitrofurans,4,防檢局、防檢署
動物用藥品殘留,veterinary drug residue,4,APHIA
農業部,COA,4,BAPHIQ
出口食品,exported food products,4,食藥署
殘留物監控計畫,residue control plans,4,
檢驗項目,test items,4,TFDA、食藥署
採樣計畫,sampling plan,4,TFDA、食藥署
歐盟最大殘留限量,EU MRLs,4,食藥署
多氯聯苯,PCBs,4,農業部、食藥署
乳品及乳製品,dairy and dairy products,4,防檢局、食藥署
牛源產品,products of bovine origin,4,
食品衛生安全與營養諮議會,"Food Sanitation, Safety and Nutrition Advisory Committee",4,TFDA、食品藥物管理署、食藥署(食品組1科)
上市後監測計畫,post-market surveillance program,4,TFDA
衛生主管機關,Health Authority,4,
食品藥物管理署區管中心,Regional Administration Centers of TFDA,4,食品藥物管理署
肉類加工食品業者,meat processing establishments,4,食品藥物管理署
歐盟法規,Regulation (EU),4,TFDA
豬肉,pork,4,防檢局
Regulation (EU) 2022/1644,Regulation (EU) 2022/1644,4,
食品之良好衛生規範準則,Regulations on Good Hygiene Practice for Food (GHP),4,三區管中心、漁業署
原產國,country of origin,4,
動植物防疫檢疫局,BAPHIQ,4,動植物防疫檢疫局
矯正及防止再發生之措施,corrective and preventive measures,4,食藥署(食品組)
食品安全與衛生,food safety and sanitary,4,
蛋製品,Egg products,4,
NRP,NRP,4,防檢署、食藥署
廣告,advertisement,4,TFDA
理事會指令 96/23/EC,Council Directive 96/23/EC,4,
區域整合實驗室檢驗系統,Regional Integrated Laboratory Testing System,4,
活體動物,live animals,4,
地方縣市衛生局,Local County/City Health Bureaus,4,
Commission Decision 98/179/EC,Commission Decision 98/179/EC,4,
食品加工廠,food processing plants,4,漁業署、食品組
官方抽樣,official sampling,4,
邊境,borders,4,三區管中心、食品組
乳品加工廠,dairy processing establishments,4,
鰭魚,fin fish,4,
沒入銷毀,confiscated and destroyed,4,三區管理中心、漁業署、食品組
食品事業經營者,food business operators,4,APHIA
雞蛋,chicken eggs,4,防檢署
食品安全衛生管理法,Food Safety and Sanitation Management Act,4,三區管理中心、漁業署
稽核,auditing,4,TFDA、衛生福利部食品藥物管理署
取樣,sampling,4,防檢局
農業主管機關,agricultural authorities,4,
病原體,pathogens,4,
生乳,raw milk,4,
肉類加工食品,meat processing food,4,
官方(獸醫)服務部門,official (veterinary) services,4,
官方管控措施,official controls,4,
召回,recalled,4,
地方縣（市）衛生局,Local County/City Health Bureaus,4,
食品製造業者,FBOs,4,食藥署
獸藥產品,veterinary medicinal products,4,
輸銷歐盟食品管理作業規範,Direction on Exporting Food Products to the European Union Countries,4,食藥署
公共衛生,public health,4,
食品組,Divisions of Food Safety,4,
生物科學,biological sciences,4,TFDA
官方獸醫,official veterinarians,4,
檢驗與查核,testing and inspection,4,TFDA
驗證狀態,validation status,4,
抽樣,sampling,4,地方政府衛生局、防檢局
動物商品,animal commodities,4,防檢署
篩選和/或確認分析方法,screening and/or confirmatory analytical methods,4,
最大殘留容許量,maximum residue limit,4,
食品追蹤追溯,food traceability,4,TFDA、衛生福利部食品藥物管理署
RTE 產品,RTE products,4,
責任廠商,responsible manufacturers,4,
回收銷毀,recall and destruction,4,
蛋,eggs,4,BAPHIQ
食品衛生安全管理,food sanitation and safety management,4,TFDA、北區管理中心、防檢署
單核細胞增生李斯特菌,Listeria monocytogenes,4,TFDA
原料來源,source of raw material,4,
加工產品,processed products,3,漁業署
食源性疾病,foodborne disease,3,
責任廠商,Responsible Manufacturer,3,
食品良好衛生規範準則,Regulations on Good Hygiene Practice (GHP) for Food,3,TFDA、三區管中心、漁業署
食品查核及管制,food examination and control,3,TFDA、三區管中心、漁業署
禁用藥物,prohibited substances,3,中區管理中心、防檢署、食藥署
食品安全管制系統,HACCP system,3,防檢局
檢驗機關,testing agency,3,
召回,recall,3,
監控措施,regulatory controls,3,
衛生證明,Sanitary Certificate,3,
檢驗報告,Test Report,3,
衛生福利主管機關,health and welfare authority,3,
水產養殖魚類與甲殼類、蜂蜜、乳製品及蛋類,"aquaculture finfish and crustaceans, honey, dairy and eggs",3,
BSMI,BSMI,3,BSMI
台灣良好農業規範,Taiwan Good Agricultural Practice (TGAP),3,
APHIA,APHIA,3,APHIA
蜂蜜殘留管制計畫,Honey residue control program,3,
衛生福利部食品藥物管理署,"Food and Drug Administration (TFDA), Ministry of Health and Welfare (MOHW)",3,
後市場食品監測,post-marketing surveillance of food products,3,三區管中心、食品組
動物用藥,veterinary drug,3,衛生福利部食品藥物管理署
水產用藥指南,The guidelines for use of drugs in aquaculture,3,
養殖動物,food-producing aquatic animals,3,
檢驗機關（構）,inspection agencies (institutions),3,動植物防疫檢疫局
能力試驗,ability verified,3,防檢局
水產品,Fishery products,3,國貿署、衛生福利部食品藥物管理署、食品組
邊境衛生管制,border sanitary control,3,衛生福利部食品藥物管理署、食藥署
污染物質,contaminants,3,衛生福利部食品藥物管理署、食藥署
官方衛生證明文件,official health certificate,3,衛生福利部食品藥物管理署、食藥署
權利義務規章,Regulations on rights and obligations,3,TFDA
TAF,TAF,3,TFDA
地方衛生局,local (city/county) health bureaus,3,防檢局
國際標準,international standards,3,
民間實驗室,private testing laboratories,3,北區管理中心、漁業署、研檢組
重要管制點,critical control points,3,
動物衛生,animal health,3,
違規產品,violative products,3,
食品安全衛生管理法,Food Safety and Sanitation Act,3,
法規 (EU) 2021/405 附件I,Annex -I to Regulation (EU) 2021/405,3,
野味,Wild game,3,
食品安全會報,Food Safety Board,3,BAPHIQ
食品安全衛生,food safety and sanitation,3,
複合產品,composite products,3,
屠宰場,Slaughterhouse,3,
後市場監測計畫,post-market surveillance plan,3,
化學測試實驗室質量管理品質控制要求,Requirement of Laboratory Quality Management Quality Control of Chemical Testing Laboratory,3,北區管理中心、漁業署、監管組、研檢組
ISO/IEC 17025 標準,ISO/IEC 17025 standards,3,
食品器具容器包裝衛生標準,"Sanitary Standards for Food Utensils, Containers and Packages",3,
不合格,non-compliance,3,防檢署、食藥署、食藥署(中區管理中心)
微生物檢驗,microbiological tests,3,防檢局
輸銷美國加熱全熟肉品衛生安全取樣分析作業指南,Guidelines Governing Implementation of Hygiene and Safety Sampling and Analysis System for Heat-treated Ready to Eat Meat Products Intended for Export to the United States,3,防檢局
食藥署區管中心,Regional Administration Centers of TFDA,3,
歐盟執委會實施條例 (EU) 2022/1255,COMMISSION IMPLEMENTING REGULATION (EU) 2022/1255,3,
食品安全管理制度,Regulations on Food Safety Control System,3,TFDA
衛生證明書,health certificates,3,標檢局
漁船,Vessels,3,漁業署、防檢署、食品組
食品安全與衛生,food safety and sanitation,3,
衛生主管機關,health authorities,3,
行政院食品安全辦公室,Executive Yuan’s Food Safety Office,3,
港埠辦事處,port offices,3,TFDA
食品加工（廠）,food processing plants,3,防檢署、食藥署(北區管理中心)
輸入食品之重要輸入管制措施,Key import control measures for imported foods,3,
分切廠,cutting plant,3,
HACCP 計畫,HACCP plans,3,
追溯與回收計畫,traceability and recall plans,3,
食品添加物,food addictive,3,Division、Food、Safety、of、食藥署
大腸桿菌,E.coli,3,三區管中心
動物源產品,edible animal tissues,3,中區管理中心、防檢署
殘留量,residues,3,TFDA、防檢署
農業、畜牧、家禽與水產品,"agricultural, livestock, poultry and aquatic products",3,
鹹鴨蛋,boiled salt duck eggs,3,
預煮之鹹鴨蛋黃,pre-cooked salted duck eggs yolk,3,
衛生安全管理系統,sanitation and safety management systems,3,監管組
孔雀綠,malachite green,3,防檢局、防檢署
秋水仙鹼,colchicine,3,
二甲硝唑,dimetridazole,3,
羅硝唑,ronidazole,3,
食品及其相關產品回收銷毀處理辦法,Regulations of Recall and Destruction for Food and Related Products,3,
促進生產食品之動物生長,growth promotion in food-producing animals,3,防檢署
輸出稽查,inspection to export,3,
微生物分析,microbiological analyses,3,
加熱肉品,Heat Treated Meat Products,3,防檢局
標示規範,regulations of labelling,3,
目標物質,target substances,3,三區管中心、漁業署、防檢署、食藥署(中區管理中心)
後市場監測計畫,post-market monitoring program,3,三區管中心、漁業署、食品藥物管理署、食藥署
食品農藥殘留容許量,pesticide residue limits in foods,3,TFDA
肉類與肉製品,meat and meat products,3,
生鮮肉品類衛生標準,Sanitation Standard for Fresh Meats,3,
獸醫處方,veterinary prescription,3,防檢署
歐盟法規,EU legislation,3,
乳品類衛生標準,Sanitation Standard for Milk and Milk Products,3,
年度後市場監測計畫,Annual Post-market surveillance programs,3,
即食（RTE）食品類衛生標準,Sanitation Standard for Ready-to-Eat (RTE) Foods,3,
食品標籤,food labeling,3,TFDA
即食食品,ready-to-eat (RTE),3,食藥署
微生物衛生標準,microbial standards,3,食藥署
常規性微生物檢測,regulatory microbiological testing,3,食藥署
初級生產,primary production,3,
食品追溯追蹤,food traceability,3,TFDA
輸入,importing,3,
製造,manufacturing,3,
加工食品,processed food products,3,
動物物種,animal species,3,
分離系統,segregated system,3,
動物用藥殘留物,veterinary drug residues,3,
屠宰,slaughtering,3,
食品中毒細菌,food poisoning bacteria,3,食藥署(食品組6科)
能力試驗,Proficiency testing (PT),3,
食品檢驗能力評估計畫,Food Examination Performance Assessment Scheme (FEPAS),3,
經濟部標準檢驗局,BSMI,3,BSMI
禁止物質,prohibited substances,3,TFDA
微生物病原體,microbiological pathogens,3,防檢局、食藥署
飼料製造商,feed manufacturers,3,
食用動物組織,edible animal tissues,3,食藥署
獸用藥品,veterinary medicinal products,3,食藥署
地方動物防疫機關,Local Animal Disease Inspection Authorities (LADIAs),3,防檢署
農藥殘留物容許量,pesticide residue limits,3,食藥署
李斯特菌,Lm,3,防檢局
水產品,hydrobiological products,3,食藥署
特管食品（包括水產副產品）,THE FOOD (including aquatic by-products),3,
微生物標準,standards for microorganisms,3,
屠宰場,slaughterhouse,3,
屠宰作業準則,Regulations for Slaughter Operation,3,
蛋製品加工廠,egg processing plant,3,
基質,matrix,3,
罐頭食品,canned food products,3,監管組
特殊營養食品,special nutrient foods,3,監管組
食用油,edible oil,3,監管組
糖,sugar,3,監管組
鹽,salt,3,監管組
麵粉,flour,3,監管組
澱粉,starch,3,監管組
預警,alert,3,食藥署(食品組)
食品製造業者,Food manufacturers,3,
可追溯系統,traceability system,3,
動物健康狀況,animal health status,3,
官方殘留檢驗,official residue testing,3,
食品輸銷衛生安全整合平台,Food Export System,3,食藥署
衛生證明書,health certificate,3,
權責機關,competent authorities,3,標準局
主管部門,competent authority,3,
直轄市、縣（市）主管機關,municipal or county/city competent authority,3,
乳製品,dairy,3,
能力試驗,proficiency test,3,TFDA
輸銷美國加熱肉品衛生安全取樣分析作業指南,Guidelines Governing Implementation of Hygiene and Safety Sampling and Analysis System for Heat-treated Meat Products Intended for Export to the United States,3,
衛生福利部疾病管制署,"Centers for Disease Control, Ministry of Health and Welfare",3,
水產動物用藥品使用規範,The Guidelines for Use of Drugs in Aquaculture,3,防檢局
劑量,dosage,3,防檢署
風險分析,risk assessment,3,食藥署
市售禽畜水產品藥物殘留監測計畫,"annual post-market residue monitoring plan for poultry, livestock aquiculture products",3,TFDA、食藥署
產品通路便捷系統,PMDS (Product Management Distribution System),3,TFDA、食藥署
下架、回收並銷毀,"withdrawn, recalled and destroyed",3,TFDA、食藥署
停藥期,drug withholding period (drug withdrawal period),3,食藥署
食品中獸藥殘留限量標準,Standards for Veterinary Drug Residue Limits in Foods,3,
殘留物監控計畫,control plans for residues,3,
實驗室認證,accredited laboratories,3,監管組、食藥署
輸入許可,approval of import,3,
等效性評估,equivalence,3,
農藥殘留容許量標準,Standards for Pesticide Residue Limits in Foods,3,防檢署、食藥署(食品組1科)
輸出場所,export establishments,3,
管制,control measures,3,食藥署(食品組)
動植物防疫檢疫署,Animal and Plant Health Inspection Agency,3,動植物防疫檢疫署
食品衛生稽查數據,food inspection data,3,食品藥物管理署、食藥署(三區管中心)
食品及相關產品輸入查驗辦法,Regulation of Inspection of Imported Foods and Related Products,3,三區管理中心、食品組2科、食藥署
衛生主管機關,health authority,3,
食品添加劑,food additives,3,
食用動物,food producing animals,3,
行政院農業委員會,COA,3,食品藥物管理署
輸出,export,3,
分離式系統,segregated system,3,
黴菌毒素,mycotoxins,3,農政機關
蜂王漿,royal jelly,3,農政機關、食藥署
其衍生產品,products derived therefrom,3,
水產養殖魚類,aquaculture finfish,3,
食品添加物,Food additives,3,漁業署
防檢局,Bureau of Animal and Plant Health Inspection and Quarantine,3,防檢局
消費者保護法,Consumer Protection Act,3,
食品業者,FBOs,3,食藥署
屠宰場,abattoirs,3,農政機關
喹乙醇,olaquindox,3,防檢署
硝呋索,nifursol,3,防檢署
食品廠,establishment,3,
改製,reconditioning,3,2科)、食藥署(食品組1科
食品製造業,food manufacturers,3,食藥署(食品組)
衛生管理,sanitation management,3,食藥署(食品組)
生物性、物理性及化學性污染源,"biological, physical, and chemical contaminant sources",3,食藥署(食品組)
食品安全衛生管理法,Act governing Food Safety and Sanitation,3,
輸出業者,exporting food businesses,3,
第三方驗證機制,third party certification body audits,3,
認證範圍,accredited scope,3,TFDA、食藥署
乳製品,Dairy products,3,
殺菌袋,Retort pouch,3,
熟鹹鴨蛋,Boiled salt duck eggs,3,
後市場監測計畫,post-market surveillance program,3,
違規殘留物,violative residues,3,
監測研究,surveillance studies,3,
輸歐盟食品管理作業規範,Direction on Exporting Food Products to the European Union Countries,3,TFDA
農政主管機關,competent agricultural authorities,3,
後市場檢驗與查核,post-market testing and inspection,3,
即食性產品,RTE products,3,
鮭魚產品,salmonid products,3,
核可工廠,approved establishments,3,
雙枚貝類產品,bivalve mollusc products,3,標準局
分離生產系統,split system (segregated production system),3,防檢署
合格農場,eligible farms,3,
食品加工廠,processing plants,3,三區管理中心、漁業署、防檢署、食藥署(中區管理中心)
衛生主管機關,competent health authority,3,
追溯追蹤,traceability,3,漁業署
殘留物監控計畫,residue monitoring plan,3,
發布預警,issue an alert,3,
製造與加工衛生證明,"MANUFACTURE, MANUFACTURED SANITARY CERTIFICATE",3,TFDA
最大殘留限量,MLs,3,TFDA、食品組5科
動物性產品,animal product,3,食品組5科
微生物檢測,microbiological testing,3,防檢局、食藥署
兔子及放養獵物,Rabbits and farmed game,3,
地方主管機關,local competent authorities,3,
微生物,microbiological,3,TFDA
農政單位,agricultural authorities,3,
蛋製品工廠,egg processing establishments,3,TFDA、中區管理中心、防檢署
輸入應施檢疫物檢疫準則,Regulations for the Importation of Objects Subject to Animal Quarantine,3,防檢局、防檢署
食品業者,food practitioners,3,
食品製造工廠衛生管理人員設置辦法,Regulations Governing the Establishment of the Sanitation Control Personnel of Food Manufacturing Factory,3,
水產品產地監測計畫,The Quality and Hygienic Condition Surveillance of Fisheries Products on Fish Farms and Vessels,3,三區管理中心、漁業署
Council Directive 96/22/EC,Council Directive 96/22/EC,3,
食品管理,food management,3,
動物產品農藥殘留容許量標準,Standards for Pesticide Residue Limits in Animal Products,3,防檢署、食藥署(食品組1科)
CODEX國際食品標準,CODEX-international Food Standards,3,中央畜產會、畜產
進口國,importing countries,3,TFDA、食藥署(食品組)
國際參考實驗室,international reference laboratories,3,
衛生福利部食品藥物管理署,"Taiwan Food and Drug Administration (TFDA), Ministry of Health and Welfare (MOHW)",3,
抽驗,sampling and testing,3,
上市後監測,post-marketing surveillance,3,
乳和乳製品加工廠,milk and dairy product factories,3,
農、畜、水產品安全管理工作小組,"Agricultural, livestock and fishery products safety management working groups",3,
貯存設施,storage facilities,3,
家禽蛋,poultry eggs,3,
衛生安全原則,sanitation and safety principles,3,
食品企業,food businesses,3,
後市場蛋品殘留物監測計畫,post-market residue monitoring plan for eggs,3,TFDA
標準檢驗局,BSMI,3,BSMI
風險管理,risk management,3,標準局
畜、禽、水產品,"livestock, poultry and aquatic products",3,BAPHIQ、防檢局、防檢署
衛生機關,Health agencies,3,
市售食品,commercial supplies of food products,3,
輸入、輸出、製造和加工,"importing, exporting, manufacturing, and processing",3,
官方後市場查核,official post-market inspections,3,
硝呋喃代謝物,nitrofuran metabolites,3,APHIA
農畜產品,agricultural or livestock products,3,
食品安全法規,food safety regulations,3,
PMDS (產品管理分銷系統),PMDS (Product Management Distribution System),3,三區管中心、食品組
冷藏庫,cold stores,3,
良好衛生規範,Good Hygiene Practice (GHP),3,TFDA、食藥署
食品安全管制系統,food safety control system (HACCP),3,TFDA
食品衛生管制,food sanitation control,3,TFDA
罐頭食品,Canned food,3,TFDA
地方政府衛生局,local government health bureaus,3,食藥署(三區管中心)
動物來源產品,products of animal origin,3,防檢署
衛生福利部食品藥物管理署,"TFDA, MOHW",3,
管制藥品組,Division of Controlled Drugs,3,
工廠管理,factory management,3,食品藥物管理署
地方衛生局,Local Health Bureaus,3,
乳與乳製品工廠,milk and dairy products factories,3,
篩選和確認分析方法,screening and confirmatory analytical methods,3,
不合規,non-compliant,3,
衛生,hygiene,3,食藥署
食品檢驗機構認證及委託認證管理辦法,Regulations Governing Accreditation and Outsourced Accreditation Management of Food Testing Institutions,3,TFDA
生物安全,biosecurity,3,
食物鏈訊息,food chain information,3,
雌二醇17&beta;,oestradiol 17&beta;,3,
殘留管制活動,residue control activities,3,
改正措施,corrective measures,3,
國家殘留監控計畫,national residues monitoring plan,3,
出口國主管機關,CA of exporting country,3,BSMI、The
食品生產動物或其衍生產品,food-producing animals or products derived therefrom,3,
供人類食用,for human consumption,3,
供人類食用的抗生素,antimicrobials reserved for human use,3,
進口魚類或水產品,Importing fish or fishery products,3,
動植物防疫檢疫署,The APHIA,3,APHIA、The
冷凍/冷藏未去內臟魚產品進口檢疫要求,Quarantine Requirements for the Importation of Frozen/Chilled Uneviscerated Fish Products,3,APHIA、The
邊境衛生管制,border sanitary controls,3,TFDA、The
標籤,labelling,3,TFDA、The
進口食品系統性查驗管理辦法,Regulations for Systematic Inspection of Imported Food,3,TFDA、The
官方衛生證明書,official health certificate,3,TFDA、The
再出口至歐盟,Re-export to the EU,3,
經濟部標準檢驗局,The BSMI,3,BSMI、The
核准之加工廠,approved processing plants,3,BSMI、The
歐盟委任條例 (EU) 2023/905,Commission Delegated Regulation (EU) 2023/905,3,BSMI、The
戴奧辛及多氯聯苯,Dioxins and Polychlorinated Biphenyls,3,TFDA、北區管理中心、漁業署、研檢組、食藥署(監管組)
縣市衛生局,county/city health bureaus,3,
乳品,dairy products,3,防檢署、食藥署(中區管理中心)
抗生素,antibacterial substances,3,
控制措施,control measures,3,
多氯聯苯,PcBs,3,MOA、中區管理中心、防檢署
農藥,pesticide,3,食藥署
磺胺類,sulfonamides,3,食藥署
外銷食品及飼料廠場危害分析重要管制點管理系統驗證驗證基準,Inspection Criteria for the HACCP Management System for Exporting Food Establishments,3,標準局
藥物殘留及化學物質,drug and chemical residues,3,三區管中心、漁業署、食品組
原料,raw material,3,
獸藥殘留,Residues of Veterinary Medicinal Products,3,
食品廣告,advertisement,3,TFDA
蛋加工廠,egg processing plants,3,
停藥期間,withdrawal period,3,防檢署
微生物衛生標準,microbiological standards,3,
衛生局,health bureau,3,
食品業者,food operator,3,
殘留容許量,regulatory tolerances,3,APHIA、TFDA
食源性疾病,foodborne illness,3,
化學物質,chemical residues,3,漁業署、食品組
熱處理肉類產品,heat-treated meat products,3,BAPHIQ
肉類及肉製品,meat and meat products,3,食藥署(食品組)
食品製造業者製程管理及品質管制基準,Process Management and Quality Control Guidelines,3,
食品規範,food regulations,3,
能力試驗,proficiency tests,3,漁業署、監管組、研檢組
食品安全管制系統法,Regulations on Food Safety Control System,3,TFDA、衛生福利部食品藥物管理署
衛生管理系統,sanitary management system,3,
獸醫服務,Veterinary Services,2,防檢署、食藥署(食品組)
關務署,Customs Administration,2,
食品業者之登錄,registration of the food businesses,2,
回收計畫,recall projects,2,
多氯聯苯,Polychlorinated biphenyl (PCBs),2,食藥署(食品組1科)
食品中污染物質及毒素衛生標準,Sanitation Standards for Contaminants and Toxins in Food,2,食藥署(食品組1科)
食品含戴奧辛及多氯聯苯處理規範,Directions for the Tolerance of Dioxins and Polychlorinated Biphenyl in Foods,2,食藥署(食品組1科)
目標取樣,targeted sampling,2,中區管理中心、防檢署
國家參考實驗室,national reference laboratories,2,
認證,accreditation,2,
檢驗方法,testing method,2,TFDA、研檢組
輸出管制及驗證,Export controls and certification,2,
檢疫證明書,veterinary certificate,2,
定量極限,level of quantification (LOQ),2,防檢署、食藥署(中區管理中心)
食品從業人員,food practitioners,2,
即食產品,RTE products,2,
輸出國標示法,labeling requirements of the exporting country,2,
自由銷售證明,Certificate of Free Sales and Manufacture,2,
地方衛生主管機關,Local health authority,2,
動物用藥,pharmaceutical drugs,2,TFDA
後市場監測計畫,post-market residue monitoring plan,2,食藥署
有機氯化合物,organochlorinated compounds,2,
有機磷化合物,organophosphate compounds,2,
除蟲菊類農藥,pyrethroids,2,
官方管制,Official controls,2,
FA,FA,2,FA
健康證明書,health certificate,2,
國家殘留監測計畫,national residues monitoring plan,2,
食品衛生,hygiene of foodstuffs,2,
受認證實驗室,certified laboratories,2,
台灣食品藥物管理署,Taiwan Food and Drug Administration (TFDA),2,人事室、北區管理中心、漁業署
食品衛生,Food sanitation,2,人事室、北區管理中心、漁業署
回收及銷毀,recalled and destroyed,2,三區管中心、食品組
動物疫苗,animal vaccines,2,防檢署
畜產品殘留,residue on livestock products,2,
單核球增多性李斯特菌,Listeria monocytogenes (Lm),2,防檢局
沙門氏菌屬,Salmonella spp.,2,
獸藥殘留標準,standards for veterinary drug residues,2,防檢署
蛋,egg,2,防檢署
微生物檢驗,microbiological testing,2,
ISO/IEC 17025認證,ISO/IEC 17025 accreditation,2,
水產養殖生產中心,aquaculture production centers,2,
水產食品工廠,aquatic product processing industries,2,
衛生管理項目,sanitation control items,2,
養殖魚貝類,farmed fish and shellfish,2,
Beta腎上腺受體作用劑,beta-agonists,2,
養蜂業,apiculture,2,
美洲和歐洲臭蟲病,American and European foulbrood,2,
法規,Regulation,2,
衛生證明,health certification,2,衛生福利部食品藥物管理署
貝類產品,molluscan shellfish,2,衛生福利部食品藥物管理署、食藥署
污染物殘留監控計畫,control plan for contaminants,2,
能力驗證,proficiency tests,2,食藥署
見證稽核,witness audit,2,防檢局
衛生管理,hygiene controls,2,
採樣,Sampling,2,
動物性油脂,animal oil products,2,
進口食品及相關產品,imported food and related products,2,
地方政府衛生局,local Health Bureaus,2,食藥署
加工程序,processing procedures,2,
檢驗技術,testing technology,2,研檢組
農業科技研究院,ATRI,2,
食品安全與衛生政策、規範與管理,"food safety and sanitation policies, regulations and management",2,食品組
食品、食品器具、容器、包裝和食品添加物之查驗登記與認證,"Registration, and certification of food products, food utensils, food containers, food packaging, and food addictive",2,食品組
食品製造過程管理,food manufacturing process management,2,食品組
優良製造規範查核,Good Manufacturing Practice inspection,2,風險管理組
ISO/IEC 17025認證,accredited to ISO/IEC 17025,2,中區管理中心、防檢署
進口,Import,2,國貿署
出口,Export,2,國貿署
不合格,non-compliant,2,
食品衛生安全事件,food safety incident,2,食藥署
殘留控制計畫,residue control plans,2,
兔子及養殖野味,Rabbits and farmed game,2,
食品檢驗,food inspection,2,
檢疫,quarantine,2,動植物防疫檢疫署
洗選蛋,washed eggs,2,
包子,Steamed Stuffed Bun,2,
定量極限,limit of quantification,2,TFDA
食品安全預警,food safety alert,2,食藥署
衛生監測,sanitary monitoring,2,標準局
政府採購法,Government Procurement Act,2,TFDA、北區管理中心、漁業署、研檢組
微生物測試實驗室質量管理品質控制要求,Requirement of Laboratory Quality Management- Quality Control of Microbiological Testing Laboratory,2,北區管理中心、漁業署、監管組、研檢組
測試和校準實驗室能力的一般要求,General requirements for the competence of testing and calibration of laboratories,2,北區管理中心、漁業署、研檢組
產品通路管理資訊系統,"Product Management Distribution System, PMDS",2,
藥物殘留監測計畫,surveillance programs of veterinary medicine residue,2,
農藥殘留,Pesticide residues,2,
動物產品中農藥殘留容許量標準,Standards for Pesticide Residue Limits in Foods,2,
第三方驗證,third party certification,2,
即食性產品,RTE product,2,防檢局
委託實驗室,consigned laboratories,2,北區管理中心、漁業署
檢驗部門主管,Head of department of analysis,2,北區管理中心、漁業署、食藥署(監管組)
檢驗人員,Examiner,2,北區管理中心、漁業署、食藥署(監管組)
農業部,Ministry of Agriculture (MOA),2,
食品藥物管理署,Taiwan Food and Drug Administration (TFDA),2,
獸醫行政,veterinary administration,2,
重要控制點,important control point,2,
糾正措施,corrective action,2,
風險分析,hazard analysis,2,
控制界限,control limits,2,
後市場監測,post-marketing surveillance,2,
跨部會食品安全管理,inter-ministerial food safety management,2,
檢疫證明,Veterinary Certificate,2,防檢署、食藥署(北區管理中心)
食品中動物用藥殘留標準,Standards for Veterinary Drug Residue Limits in Foods,2,
系統性查核,Systematic inspection,2,
鹿科產品,products of cervidae origin,2,
鮭魚生產,production of salmonids,2,
加工鮭魚產品,processed salmonid products,2,
輸入食品邊境查驗,Border Inspection of Imported Foods,2,
直轄市、縣（市）主管機關,municipal or the county/city competent authority,2,
獸醫監督,Veterinary oversight,2,
健康證書,health certificates,2,
食品營養分析,food nutrient analysis,2,食藥署
食品包裝,food packaging,2,食藥署
標準平板測試法,Standard plate count,2,三區管中心、食品組1科
海洋弧菌,Vibrio vulnificus,2,三區管中心、食品組1科
最大殘留容許限量,Maximum Residue Limits,2,中區管理中心、防檢署
最大容許限量/數值,Maximum Limits/Levels,2,中區管理中心、防檢署
獸醫 MRL,veterinary MRLs,2,中區管理中心、防檢署
後市場殘留物監測計畫,post-market monitoring plan,2,中區管理中心、防檢署
殘留物監控制計畫,control plans for residues,2,
地方衛生局,Local health bureaus,2,
鐵蛋,hard egg,2,
鵪鶉蛋,boiled quail eggs,2,
皮蛋,preserved duck eggs,2,
歐姆蛋,egg omelet,2,
檢疫規範,quarantine requirements,2,
動物健康保證,animal health guarantees,2,
輸入前或輸入後檢驗,pre-or post-import testing,2,
食品及相關產品輸入查核辦法,Regulations of Inspection of Imported Foods and Related Products,2,
危害分析重要管制點,Hazard Analysis and Critical Control Point (HACCP),2,
肉類食品,meat products,2,
初乳,colostrum,2,
大腸桿菌,Escherichia coli,2,食品組1科
食品安全與衛生法規,food safety and sanitation regulations,2,
水生動物疾病稽查員,aquatic animal disease inspectors,2,
實驗室認證資訊網,Laboratory Accreditation Management System (LAMS),2,食藥署(監管組)
國家容許量,national tolerances,2,TFDA
食品生產用動物,food producing animals,2,
賽滅淨,cyromazine,2,
偵測極限,limit of detection (LOD),2,
Regulation (EU) No 37/2010,Regulation (EU) No 37/2010,2,
硝基咪唑類,nitroimidazoles,2,
供人消費的產品,products for human consumption,2,
氨苯砜,dapsone,2,
技術人員/輔助人員,technical staff/auxiliaries,2,
內臟,offal,2,
加拿大食品檢驗局,CFIA,2,
卡巴多斯,carbadox,2,食藥署
磺胺,sulphonamides,2,食藥署
β-腎上腺受體作用劑,beta-agonists,2,防檢署
分離系統,split (segregated) system,2,防檢署
認可機構,accreditation body,2,食藥署(監管組)
符合性評估機構,conformity assessment bodies,2,防檢局
檢驗技術能力,testing ability,2,
外銷證明文件,export proof document,2,
食品相關衛生標準,food-related hygiene regulation,2,
Cyromazine,Cyromazine,2,中區管理中心、防檢署
Fluralaner,Fluralaner,2,防檢署
偵測極限,detection limit,2,食藥署
熱處理C,heat treatment C,2,
羅尼達唑,ronidazole,2,防檢署
戴奧辛類多氯聯苯,dioxin-like PCBs,2,
非戴奧辛類多氯聯苯,non-dioxin-like PCBs,2,
食品中動物用藥殘留容許量,veterinary drug residue limits in foods,2,TFDA
衛生標準,hygienic standards,2,
食品生產動物,food producing animals,2,
國產雞蛋,domestically-produced eggs,2,
動物產品,animal commodities,2,防檢署
食品中多氯聯苯限量標準,Standard for the Tolerance of Polychlorinated Biphenyl in Foods,2,
含戴奧辛多氯聯苯處理標準,Standard for the Treatment of Polychlorinated Biphenyls Containing Dioxin,2,
飲用水管理規則,Drinking Water Management Act,2,
農藥殘留,residues of pesticide,2,
相關商品,relevant commodities,2,
檢測,examination,2,三區管中心、食品組
抽驗,sampling,2,三區管中心、食品組
加工場所,processing facility,2,
藥理活性物質監控計畫,control plan for pharmacologically active substances,2,
生產類別,production classes,2,
乳加工廠,milk-processing plants,2,中區管理中心、防檢署
動物用藥管理法,Veterinary Drugs Control Act,2,中區管理中心、防檢署
蛋製品廠場,egg processing establishments,2,中區管理中心、防檢署
動物用藥與最大農藥殘留物容許量,veterinary drug and pesticide residue limits in foods,2,
後市場查核,post-market inspections,2,
報驗義務人,obligatory inspection applicant,2,
原材料、半成品或成品,"raw materials, semi-products or end products",2,
地方衛生局,local health bureau,2,三區管中心、漁業署
食品業者,food industry,2,
食品業者登錄,registration of the food businesses,2,食藥署(食品組6科)
一般食品衛生標準,Sanitation Standards for General Foods,2,
β-受體激動劑,β- agonists,2,TFDA
官方採樣計畫,official sampling plan,2,
微生物檢驗,microbiological test,2,
TFDA 研究檢驗組,Division of Research & Analysis of TFDA,2,
食品攙假分析,Food Adulteration Analysis,2,TFDA
肉品檢查員,meat inspectors,2,防檢署、食藥署(三區管中心)
殘留農藥或動物用藥安全容許量,permissible tolerance of pesticide or veterinary drugs residue,2,
食品中動物用藥殘留標準,Standards for veterinary drug residue limits in foods,2,
官方實驗室之認證狀態,Accreditation status of the official laboratories,2,
檢查、確認、監控、取樣,"inspection, verification, monitoring, sampling",2,防檢局
殘留管制,residue control,2,
生產輸銷美國加熱肉品食品工廠監督管理要點,Directions for Auditing Establishments Producing Heat-Treated Meat Products for the U.S. Market,2,防檢局
化學物殘留,Chemical residue,2,防檢局
環境污染物,environmental contamination,2,防檢局
微生物監控,Microbiological monitor,2,防檢局
動物種別鑑定,Animal species identification,2,防檢局
美國官方認可之檢驗方法,FSIS analytical methods,2,防檢局
新鮮豬肉,fresh pork,2,
健康證明,health certificate,2,BSMI
直轄市、縣(市)主管機關,municipal or county/city competent authority,2,
製造批號,lot/batch number,2,
衛生程序,hygiene procedures,2,
微生物與理化檢驗,microbiological and physicochemical testing,2,
殘留物分析,residues analysis,2,
肉類、家禽或蛋製品,"meat, poultry, or egg products",2,防檢局
輸銷美國加熱全熟肉品衛生安全取樣分析作業指南,Guidelines Governing Implementation of Hygiene and Safety Sampling and Analysis System for Heat treated Ready to Eat Meat Products Intended for Export to the United States,2,防檢局
不合格,non-conformity,2,食藥署
檢驗結果,testing results,2,
食用動物,food-producing animals,2,
蛋雞,layer hens,2,防檢署
食品添加業者,food additive industries,2,監管組
孔雀綠,Malachite green,2,防檢署
β-受體激動劑,β-agonists,2,防檢署
食品工廠,food factory,2,
食品業者之場區及環境良好衛生管理基準,Good Health Management Criteria for the Site and the Environment of Food Businesses,2,
衛生條件,hygiene condition,2,
衛生規範,hygiene requirements,2,
食品加工廠,food processing plant,2,
動物源原料,animal origin information,2,食藥署
動物用藥品,veterinary medicines,2,
水產品藥物及化學殘留檢驗與監測,sampling and monitoring work on the drug and chemical residues of aquatic products,2,FA
食品安全衛生管理系統,EFS system,2,BSMI
農業部動植物防疫檢疫署,APHIA,2,
上市後監測,post-market surveillance,2,
邊境檢驗,border inspection,2,
肉品和肉製品,meat and meat products,2,
輸入許可,import permits,2,
檢驗檢疫,inspection and quarantine,2,防檢署、食藥署(食品組)
殘留物控制,residues controls,2,
化學安全,chemical safety,2,
卡巴多,carbadox,2,
奧拉昆多,olaquindox,2,
喹乙醇,Olaquindox,2,
檢驗報告,TEXT REPORT,2,
加工食品,processed foods,2,
馬肉,horsemeat,2,
識別和追蹤,identification and traceability,2,
條例（歐盟）第1950/2006號,Regulation (EU) No 1950/2006,2,
條例 (EU) 2022/2292,Regulation (EU) 2022/2292,2,
衛生實驗室,health laboratories,2,TFDA
食品微生物衛生標準,Sanitation Standard for Microorganisms in Foods,2,
食源性疾病,food-borne disease,2,
登錄,registration,2,
認證檢驗機構,ISO/IEC 17025 accredited laboratories,2,食藥署
違規產品,non-conforming products,2,TFDA、食藥署
進口產品,imported commodities,2,食藥署
輸出食品廠,export establishments,2,
縣市衛生局,County/City Health Bureaus,2,Bureaus、City、County、Health
食用組織,edible tissues,2,TFDA、食藥署
食藥署,MOHW,2,食藥署
食品加工(廠),food processing plants,2,動植物防疫檢疫局、食藥署(北區管理中心)
設廠登記,factory registration,2,
動植物防疫檢疫局,Bureau of Animal and Plant Health Inspection and Quarantine,2,
畜禽產品農藥殘留限量標準,Standards for Pesticide Residue Limits in Livestock and Poultry Products,2,
容許限量,permissible tolerance,2,
殘留物測試,residues testing,2,
動物用藥殘留,residues of veterinary medicines,2,
毒害物質殘留量,toxicants residues,2,食藥署
動物用藥最大殘留容許量,veterinary drug MRLs,2,COA
輸入衛生要求,import sanitation requirements,2,
經濟貿易辦事處,economic and trade inquires,2,
國家殘留物監測計畫,national residues monitoring plan,2,
加工蛋製品,processing egg products,2,
高風險項目,high-risk projects,2,食品藥物管理署
食品詐欺,food fraud,2,
食品中重金屬監測計畫,monitoring program of heavy metal in food,2,
高風險產品,high risk food products,2,
食品容器或包裝,"food containers, packages",2,防檢局
輸出之食品,Export food products,2,防檢局
新藥風險管理計畫,RMP,2,
食品良好衛生規範,Regulations on Good Hygiene Practice for Food (GHP),2,
內臟,viscera,2,
分切物,meat cuts,2,
輸入,import,2,
目標或直接抽樣方案,Targeted or directed sampling protocols,2,
雞蛋樣本,egg samples,2,APHIA
蛋雞場,layer farm,2,
食品添加物,"foods have been deteriorated or rotten, toxic or contain substances or foreign materials that are harmful to human health, contaminated by pathogenic organisms, or have been proven by epidemiological survey to be cause of food poisoning, shall not be manufactured, processed, prepared, packaged, transported, stored, sold, imported, exported, presented as a gift or publicly displayed.",2,
食品中污染物質毒素衛生標準,Sanitation Standard for Contaminants and Toxins in Food,2,食藥署
食品安全管制統準則,Regulations on Food Safety Control System,2,
臺灣食品藥物管理署,Taiwan Food and Drug Administration,2,
歐盟食品和飼料法律,Union food and feed law,2,
歐盟動物健康法規,Union animal health legislation,2,
食品安全管制系統準則（HACCP）,Food Safety Control System (HACCP),2,
動物源原料,raw materials of animal origin,2,
肉品樣品,meat sample,2,
增菌,enrichment,2,
海外工廠檢查,Inspection of Overseas Factories,2,
文件審查,document review,2,
現場查驗,on-site inspection,2,
食藥署,FDA,2,農政機關
有效日期,expiry date,2,
監控制計畫,control plans,2,
殘留物濃度,concentration of a residue,2,
行動參考點,Reference Points for Action (RPAs),2,
合理可及的低水平,As Low As Reasonably Achievable,2,
水產品,Aquatic products,2,TFDA
自由銷售證明,Certificate of Free Sale,2,
食鳥肉,poultry,2,
食鳥處理場,poultry processing plants,2,
食品安全緊急事件,food safety emergencies,2,
食品衛生危害,food sanitation hazards,2,
加工廠,process plant,2,
食品安全衛生法,Act Governing Food Safety and Sanitation,2,
歐盟法規,Union requirements,2,
(EC) 854/2004 號規則,Regulation (EC) No 854/2004,2,
加工蛋品,processed egg products,2,TFDA
分離生產系統,split system,2,TFDA
隔離生產系統,segregated production system,2,TFDA
授權／核准號碼,Authorisation/approval Number,2,
封存,sealed,2,2科)、食藥署(食品組1科
輸出衛生證明書,export health certificate,2,動植物防疫檢疫局
出口證明文件,export certificate,2,
檢驗機構,inspection agency institution,2,
微生物檢驗,microbiological inspection,2,
衛生管理措施,practices of sanitation management,2,
食品安全及衛生法規,food safety and sanitation laws,2,食藥署
法規實施,regulation implementation,2,食藥署
地方農業主管機關,agricultural competent authority at the local level,2,防檢署
食品安全管制小組,food safety HACCP team,2,
蛋類加工廠,egg processing plants,2,
畜牧場,animal farms,2,防檢署、食藥署(中區管理中心)
加工食品,processed food,2,
包裝中心,packing centre,2,
蛋製品加工,egg product processing,2,
冷藏庫,cold store,2,
鵪鶉蛋,Quail egg,2,
雞蛋,Chicken egg,2,
滷蛋,stewed egg,2,
水煮雞蛋,Hard Boiled Chicken Eggs,2,
國家監視與監測計畫,national surveillance and monitoring programme,2,
不合格結果,non-compliance results,2,
高關注化學物質,high priority chemicals of public health concerns,2,
進口食品,Import Foods,2,
證明文件,certification documents,2,
食品邊境查驗管理,food border inspection management,2,TFDA
工廠管理輔導法,Factory Management Act,2,漁業署、食品組
漁業執照,fishery license,2,漁業署、食品組
船舶檢查證書,ship inspection certificate,2,漁業署、食品組
技術助理／查核員,technical assistants/ inspectors,2,
認證計畫,accreditation scheme,2,
海關專屬貨品分類號列,customs commodity code and classification,2,三區管理中心、食品組2科
農藥殘留,pesticides,2,中區管理中心、防檢署
水生生物物種,hydrobiological species,2,
英國 SPS 貿易保證辦公室,UK Office for SPS Trade Assurance,2,
最大殘留限量,Maximum Residue Limits (MRLs),2,TFDA
處方藥品,prescription drugs,2,漁業署、防檢署
衛生管制,sanitary control,2,漁業署
飼料,feed,2,漁業署
飼料添加物,feed additives,2,漁業署
食品分析方法,food related analytical methods,2,
法規要求,regulatory requirements,2,防檢署
後市場蛋品殘留物監測計畫,post-market residue monitoring plan for egg products,2,
樣本數,number of samples,2,中區管理中心、防檢署
輸銷美國加熱全熟肉品衛生安全取樣分析作業指南,Guidelines on the Procedures for the Sampling Operation Required for Environmental Sampling,2,防檢局
病原菌,pathogen,2,
李斯特菌屬,Listeria spp.,2,
後殺菌處理方法,post-lethality treatment (PLT),2,防檢局
包裝食品,prepackaged food,2,
營養標示,nutrition label,2,
認證範圍,scopes of accreditation,2,
查核與檢驗專案,Examination and Testing Projects,2,
縣（市）衛生局,County/City Health Bureaus,2,
蛋類,egg,2,
防腐劑,preservatives,2,
李斯特菌,Listeria,2,
即食食品,Ready-To-Eat Product (RTE),2,
可採取行動的殘留物,actionable residue,2,
進口複檢,import re-inspection,2,
動物性來源之產品,products of animal origin,2,
乳品原料,dairy raw materials,2,
奶粉,milk powder,2,
奶油,butter,2,
乾酪,cheese,2,
食品組,Food Safety,2,
生產食品之動物,food producing animals,2,
官方分析方法,official analytical methods,2,北區管理中心、漁業署、監管組
委員會指令 96/23/EC,Council Directive 96/23/EC,2,
檢測的物質清單,list of substances to be detected,2,
篩選和確認方法,screening and confirmatory methods,2,
分析偵測極限,analytical limits of detection,2,
國家制定限量,national tolerances,2,
最大殘留限量,MRL,2,
肉品衛生,meat hygiene,2,
台灣食品藥物管理署,TFDA,2,
中央衛生當局,central sanitary authorities,2,防檢署、食藥署(食品組)
食品廠,food factories,2,TFDA
採樣率,sampling rates,2,
農產品生產及驗證管理法,Agricultural Production and Certification Act,2,漁業署
中央主管機關,Central Competent Authority,2,漁業署
國家動物產業基金會,National Animal Industry Foundation (NAIF),2,APHIA
執委會授權條例,Commission Delegated Regulation,2,
後市場殘留物監控計畫,post-market residue monitoring plan,2,
肉類和肉製品,meat and meat products,2,
食品安全控制,Food safety control,2,
殘留物監測計畫,Residue Control Plan (RCP),2,防檢署
動物用藥殘留量,veterinary drugs residue,2,
國家微生物監測計畫,national microbiological monitoring program,2,食品藥物管理署
畜牧法,Animal Industry Act,2,
病蟲害管制,pest control management,2,
溯源調查,traceback investigation,2,食品組5科
之後市場取樣計畫,post-market sampling plans,2,
包裝,packaging,2,
動物傳染病防治條例,Statute for Prevention and Control of Infectious Animal Diseases,2,防檢局、防檢署
檢疫證明書,veterinary certificates,2,BAPHIQ、防檢局
未去除內臟冷凍冷藏魚產品,frozen/chilled uneviscerated fish products,2,防檢局
輸出食品,exported food products,2,
食品業,food businesses,2,食藥署(食品組)
輸入查驗,import inspection,2,
食品類別,food categories,2,
產乳牧場,milk production holdings,2,
加工廠,processing establishments,2,
衛生管理人員,sanitation managers,2,
食品衛生管理,food sanitation management,2,
蛋製品,egg product,2,中區管理中心、防檢署
蛋雞場,laying hen farms,2,BAPHIQ
不合格,nonconformity,2,
飼料廠,feed factories,2,
生產輸銷美國加熱肉品食品工廠監督管理要點,Directions for Auditing Establishments Producing Heat Treated Meat Products for the United States Market,2,防檢局
政府檢查員,government inspectors,2,防檢局
衛生管理紀錄,sanitation management records,2,
國貿局,Bureau of Foreign Trade,2,防檢局
工廠管理法,Factory Management Act,2,
CFIA,CFIA,2,
活雙枚貝類,live bivalve molluscs,2,
衛生管理,sanitary control,2,防檢署、食藥署
動物用藥品,veterinary drug,2,
產品標示,product labeling,2,
加工肉製品,processed meat products,2,
不合規結果,non-compliant results,2,
流通,distribution,2,
後市場監測計畫,post-market surveillance programs,2,
供動物食用食品,food for animal consumption,2,
殘留分析,residues analysis,2,
加工廠,processing premises,2,
球蟲藥,coccidiostats,2,防檢署
殘留控制計畫,residue control plan,2,
奶粉,milk powders,2,
巧克力,chocolate,2,
發芽種子,sprouting seeds,2,
萵苣,lettuce,2,
輸銷美國,Intended for Export to the United States,2,
殺菌,sterilization,2,
輸入港查驗,port-of-entry inspection,2,Administration、Centers、Regional、for、區域管理中心
食品衛生安全管理之主管機關,competent authority of food safety and sanitation management,2,
回收或銷毀,recalled or destroyed,2,
輸出國,countries where the products export to,2,
肉類加工廠,meat processing establishments,2,
腸衣,casings,2,
第37/2010號法規,Regulation (EU) No 37/2010,2,
食品工廠,food plant,2,
CODEX 國際食品標準,CODEX- International Food Standards,2,中區管理中心、品質監督管理組
食品衛生安全管理系統,Food Sanitation and Safety Management System,2,
地方動物防疫機關,LADIAs,2,APHIA、防檢署
不合格產品,non-conforming products,2,TFDA
驗證,validated,2,畜產
委員會條例,Commission Regulation,2,畜產
食品法典準則,Codex Alimentarius guidelines,2,畜產
化學物,chemicals,2,
進口國規範,importing countries' requirements,2,標準局
藥用飼料,medicated feedingstuffs,2,
SPS 協定,SPS Agreement,2,
MRL,MRL,2,
國產食品,domestic samples,2,
商品,commodity,2,
食品安全監測計畫,Food Safety Monitoring Plan,2,
最大殘留容許量,maximum residue limits,2,
追溯系統,traceability system,2,
地方政府衛生局,local governments and health bureaus,2,食品藥物管理署
畜牧,livestock,2,
動物用藥品分銷鏈,distribution chain of veterinary medicines,2,防檢署
動物用藥品優良製造準則,Guidelines of Good Manufacture Practice (GMP) for Veterinary Drugs Manufacturers,2,
動物用藥品製造廠設廠標準,Establishment Standards for Veterinary Drugs Manufacturers,2,
食用蛋,table eggs,2,
乳製品,dairy product,2,
食品安全管制系統,Food Safety Control System (HACCP),2,
農業委員會,Council of Agriculture,2,BAPHIQ
官方證明,official certificates,2,
食品標示與廣告,food labelling and advertisement,2,TFDA
食品查核與管制,food examination and control,2,TFDA
油類,Oil,2,TFDA
午餐餐盒食品,Lunch box food,2,TFDA
丹麥豬肉,Danish pork,2,TFDA
荷蘭豬肉／豬油,Dutch pork / lard,2,TFDA
挪威水產品,Norwegian aquatic products,2,TFDA
匈牙利豬肉,Hungarian pork,2,TFDA
食品與營養標示,Food and Nutrition Labelling,2,TFDA
動物和動物產品,animals and animal products,2,
上市後監測計畫,post-market survelliance program,2,
動物用藥殘留監測計畫,national residue monitoring program for animal products,2,食藥署
食品衛生,food hygiene,2,
完整成分清單,full ingredient listing,2,TFDA
肉類,meat products,2,
牛來源食品,products of bovine origin,2,
出口產品,export food products,2,
國家耐受限度,national tolerance limits,2,
食品企業經營者,food business operators,2,
托運,consignment,2,
藥物扣留期,drug withholding period,2,
停藥期,drug withdrawal period,2,
藥品組,Division of Medicinal Products,2,
醫療器材及化粧品組,Division of Medical Devices & Cosmetics,2,
世界貿易組織衛生與植物衛生措施協定,WTO/SPS,2,
查核與檢驗,Examination and Testing Projects,2,
官方服務,official services,2,
財團法人全國認證基金會,Taiwan Accreditation Foundation,2,
殘留物監控計畫,control plan for residues,2,
可食用動物組織,edible animal tissues,2,
最大殘留量,Maximum Residue Limit (MRL),2,
抗球蟲劑,coccidiostats,2,
硝基呋喃類,Nitrofurans,2,防檢署
樣品處理,Sample handling,2,防檢署、食藥署(中區管理中心)
食品相關實驗室網絡,food related laboratories network,2,
地方政府衛生局,local health authorities,2,
農政機關,agricultural authority,2,TFDA
食品檢驗,food examination,2,TFDA
海平面漁業,Sea-level fishery,2,漁業署
衛生福利部食品藥物管理署,"Taiwan Food and Drug Administration (TFDA), Ministry of Health and Welfare",2,衛生福利部食品藥物管理署、食藥署
動物源原料,raw material of animal origin,2,
食品安全監測計畫,food safety monitoring plans,2,
第三方驗證體系,third party certification bodies,2,
食品良好衛生規範準則,Regulation on Good Hygienic Practice (GHP),2,
食品衛生安全管理,food hygiene and safety management,2,防檢署、食藥署
肉類加工,meat processing,2,
寵物食品,pet food,2,
動物皮,animal hides,2,
肉製品工廠,Meat product processing plants,2,
天然毒素,natural toxin,2,
輸入或輸出,import or export,2,
食品安全管制系統,Regulations on Food Safety Control System,2,
動物產品或副產品,animal products or by-products,2,
豬肉產品,pork products,2,TFDA
檢測,testing,2,
線上市場監測,online market surveillance,2,
疾病控制,disease control,2,
人道對待,humane handling,2,
獸醫生物製劑,veterinary biologics,2,
分離的生產系統,segregated production system,2,
獸用藥物殘留,veterinary drug residues,2,
蛋,hen eggs,2,
歐盟市場,EU market,2,
加工衛生證明,MANUFACTURED SANITARY CERTIFICATE,2,TFDA
後市場查驗,post-market inspections,2,
MRL,MRLs,2,
ML,MLs,2,
出口前殘留物檢測,pre-export testing for residues,2,
動植物檢疫證明,certificate issued for animal and plant quarantined,2,
指令 96/23/EC,Council Directive 96/23/EC,2,
偵測限,limits of detection,2,
歐盟委員會法規 (EU) No 37/2010,Commission Regulation (EU) No 37/2010,2,
蛋製品加工廠,establishments producing egg products,2,
衛生管理者,sanitation managers,2,
不合規,non-compliance,2,三區管理中心、漁業署、防檢署
後市場檢驗與稽查,post-market testing and inspection,2,
分切廠,cutting plants,2,
戴奧辛,dioxin,2,TFDA
等效性評估,equivalence assessment,2,
採樣及檢驗,sampling and testing,2,防檢署、食藥署(中區管理中心)
經核准之業者,approved establishments,2,TFDA、The
軟體體動物,molluscan shellfish,2,TFDA、The
歐盟核准之業者,EU-approved establishments,2,BSMI、The
蜂蜜領域,honey field,2,
動物用藥,animal drugs,2,研檢組、防檢署
食品添加物暨成分,Food additives and ingredients,2,北區管理中心、漁業署、研檢組、食藥署(監管組)
食品微生物學暨摻偽,Microbiology and adulteration,2,北區管理中心、漁業署、研檢組、食藥署(監管組)
食品容器具,"Food utensils, containers and packages",2,北區管理中心、漁業署、研檢組、食藥署(監管組)
動物用藥,Veterinary drug residues,2,北區管理中心、漁業署、研檢組、食藥署(監管組)
農業用藥,Pesticide residues,2,北區管理中心、漁業署、研檢組、食藥署(監管組)
食品毒素,Mycotoxins and other nature toxin,2,北區管理中心、漁業署、研檢組、食藥署(監管組)
食品病毒,viruses,2,北區管理中心、漁業署、研檢組、食藥署(監管組)
隨機抽樣,random sampling,2,
TFDA 國家實驗室,TFDA National Laboratory,2,
偵測方法,detection methods,2,
食品經營者,food business operator,2,
食品安全管理制度,food safety control system,2,食品組
農場主,farmer,2,中區管理中心、防檢署
衛生福利部食品藥物管理署組織法,"Organization Act of the Food and Drug Administration, Ministry of Health and Welfare",2,
蛋品殘留物監測計畫,residue monitoring plan for eggs,2,TFDA
危害分析重要管制點,Hazard Analysis and Critical Control Points,2,
食品動物用藥殘留容許量,veterinary drug residue limits in foods,2,TFDA
農藥殘留監控計畫,control plan for pesticide residues,2,
最大殘留量,Maximum Residue Level (MRL),2,
貨物,consignment,2,TFDA、食品組5科
肉類加工廠,meat processing plants,2,食藥署
動物用藥殘留標準,veterinary drug residue standards,2,三區管中心、漁業署、防檢署、食藥署
動物健康,Animal health,2,人事室、漁業署
食品安全,Food safety,2,
食品所,Food Industry Research and Development Institute (FIRDI),2,標準局
Lm,Lm,2,
食品分析能力評估計畫,Food Analysis Performance Assessment Scheme (FAPAS),2,
農畜禽產品,agricultural produce,2,行政院農業委員會
食品過敏原標示規定,Regulations of Food Allergen Labeling,2,衛生福利部
食安法,Food Safety and Sanitation Act,2,
巨環類抗生素,macrolides,2,
行政院農業委員會動植物防疫檢疫局,"Bureau of Animal and Plant Health Inspection and Quarantine (BAPHIQ) of Council of Agriculture, Executive Yuan",2,動植物防疫檢疫局
風險導向產品檢查,risk-based product inspections,2,
食品安全控制系統,food safety control system,2,防檢署、食藥署(食品組)
風險分析,risk analysis,2,動植物防疫檢疫署、防檢署、食藥署(食品組)
腸炎弧菌,Vibrio parahaemolyticus,2,食品組1科
肉毒桿菌,Clostridium botulinum,2,
生長促進劑,growth promoters,2,
乳和／或乳製品,milk and/or milk products,2,
市場監督計畫,post-market surveillance program,2,TFDA
食品廠,food producing establishments,2,
磺胺類藥物,sulfonamides,2,
阿維菌素類抗生素,avermectins,2,
氟尼辛,flunixin,2,
托芬那酸,tolfenamic acid,2,
金黃色葡萄球菌腸毒素,Staphylococcal enterotoxins,2,
食品查核和管控,food examination and control,2,TFDA
動物用藥殘留法規,legislation in veterinary residues,2,
歐盟標示,EU labelling,2,
包裝和追溯要求,packaging and traceability requirements,2,
非洲豬瘟,African Swine Fever,2,
MRLs,MRLs,2,
MLs,MLs,2,
抽樣計畫,sampling plans,2,
屠宰、加工及儲存場所,"slaughter, processing and storage establishments",2,
動物源性食品,foods of animal origin,2,
主管機關,Competent authority (CA),2,
官方管控,official controls,2,
水質管理,Water quality management,2,食藥署(食品組)
廢棄物管理,Waste management,2,食藥署(食品組)
食品安全管理系統,Regulations on Food Safety Control System,2,
能力試驗,Proficiency Test (PT),2,
食品追溯,food traceability,2,TFDA
獸醫師(佐)處方藥品販賣及使用管理辦法,Regulation of Management of Sale and Use of Veterinary Prescription Drugs,2,三區管中心、漁業署、防檢署
食品衛生稽查人員教育訓練,food sanitation trainings,2,TFDA
DG Health and Food Safety,DG Health and Food Safety,2,
食品中毒防治,food poisoning prevention,2,
法規遵循,compliance,2,
藥用飼料,medicated feeding stuffs,2,防檢署
獸醫師（佐）處方藥品販賣及使用管理辦法,Regulations for Veterinary Prescription Drug Sales and Use,2,防檢署
食品安全衛生管理,management of food sanitation and safety,2,
動物檢疫,animal quarantine,2,北區管理中心、防檢署
官方管制檢驗任務,official testing tasks,2,
動物用藥品檢驗登記審查準則,Animal Pharmaceuticals Registration Instructions,2,BAPHIQ、防檢署
非登不可,Food and Medicinal Products Business Registration Platform,2,
微生物檢驗結果,microbiological testing results,2,
PMDS系統,Product Management Distribution System (PMDS),2,
美國和歐洲的純種,American and European foulbrood,2,
雞蛋,egg,2,
法規 (EU) 2022/1644,Regulation (EU) 2022/1644,2,
地區性行政中心,Regional Administration Centers,2,三區管中心、食藥署(三區管中心)、食藥署食品組
高溫短時間殺菌法,high-temperature short-time (HTST),2,
食品業者主動通報系統,Food company initiative reporting system,2,
縣(市)主管機關,municipal or county/city competent authority,2,
TCDC,TCDC,2,
食品查核檢驗管制措施辦法,Regulations Governing Food Inspection and Control Measure,2,
三區管理中心,Three Regional Administration Centers,2,三區管中心、漁業署、食品組
雞蛋樣品,egg samples,2,
品質管理系統,quality management system,2,TFDA
動物防疫檢疫署,BAPHIQ,2,
食肉,meat,2,
食品清潔劑,food cleansers,2,
食品安全管制系統,Food Safety Control System,2,
檢驗技術能力,testing capability,2,食藥署
cyromazine,cyromazine,2,防檢署
食藥署,The TFDA,2,TFDA、The
畜牧業,zootechnical,2,
肉類製品,meat products,2,
水產品加工廠,processing plants for aquatic products,2,食藥署
食品接觸表面,food contact surfaces,2,
進口產品,imported products,2,TFDA
保留條例2017/625,Retained Regulation 2017/625,2,中區管理中心、防檢署
重金屬,Heavy metals,2,北區管理中心、漁業署、研檢組
管制措施,necessary measures,2,
出口食品,export food products,2,食藥署(食品組)
動物疾病爆發,animal disease outbreak,2,
食品業者,food business operators (FBOs),2,
後市場,post-market,2,
乳品加工食品業應符合食品安全管制系統準則,The Dairy Product Processing Industry Shall Conform to the Food Safety Control System (HACCP),2,
輸出食品,exporting foods,2,
加工設施,processing establishments,2,食藥署
查核、檢驗、稽查,"examination, testing, inspection",2,
行政院食品安全辦公室,Executive Yuan's Food Safety Office,2,
最高限量,Maximum Limit (ML),2,
歐盟最高限量,EU ML,2,
水質檢驗計畫,water quality testing plan,2,
檢驗管理系統,INSP system,2,食品組
海鮮初級生產與加工標準,Primary Production and Processing Standard for Seafood,2,
包裝中心,packing centres,2,
衛生證明書,Health Certificates,2,標檢局
未上市水產品產地監測計畫,Quality and Hygienic Condition Surveillance of Fisheries Products on Fish Farms and Vessels,2,漁業署、防檢署、食品組
風險溝通,risk communication,2,漁業署、防檢署、食品組
冷凍非即食食品,Frozen non ready-to-eat foods,2,食品組1科
文件驗證,document verification,2,三區管理中心、食品組2科
物質組,substance groups,2,中區管理中心、防檢署、食藥署
亞組,subgroups,2,中區管理中心、防檢署
Commission Decision 97/747/EC,Commission Decision 97/747/EC,2,
農業機關,agricultural authorities,2,
食品微生物,Food Microorganisms,2,
貝類,Shellfish,2,三區管理中心、食品組2科、食藥署
衛生證明文件,health certificate,2,三區管理中心、食品組2科、食藥署
品質管理系統,quality management systems,2,
巨環類,macrolides,2,
委員會 97/747/EC 決議,Commission Decision 97/747/EC,2,
奎諾酮,quinolones,2,
肉品及蛋品加工廠,meat and egg processing establishments,2,
肉類查核系統,meat inspection system,2,
漁產品,fishery products,2,
官方方法,official methods,2,TFDA
超高溫殺菌法,ultra-high temperature (UHT),2,
真空包裝,Vacuum de-airing packing,2,
肉品檢驗制度,meat inspection system,2,
官方檢驗員,official inspectors,2,BAPHIQ
解體,dressing,2,
大腸桿菌群,Coliform,2,
大腸桿菌,E. coli,2,
蠟樣芽孢桿菌,Bacillus cereus,2,
副溶血性弧菌,Vibrio parahaemolyticus,2,
藥理活性物質殘留,residues of pharmacologically active substances,2,
有鰭魚,fin fish,2,
魚卵,roe,2,
染劑,dyes,2,
水晶紫,crystal violet,2,
食品衛生訓練,Food sanitation trainings,2,TFDA
肉品及肉製品,meat and meat products,2,
最大殘留限量,Maximum Residue Limit,2,
台灣食品藥物管理署,Taiwan Food and Drug Administration,2,
牛肉,beef,2,防檢局
四環素,tetracyclines,2,
法規草案,draft regulation,2,
主管機關,CAs,2,
臺紐官方生物安全計畫,New Zealand Taiwan Official Biosecurity Programme,2,食藥署
出口證明,export certificate,2,食藥署
加工（加熱）肉製品,processed (heat-treated) meat products,2,食藥署
食品中原子塵或放射能污染容許量標準,Standards for the Tolerance of Atomic Dust and Radioactivity Contamination in Foods,2,
矯正措施,corrective action,2,食藥署
農業主管機關,agricultural agencies,2,
檢驗,food examination,2,TFDA、衛生福利部食品藥物管理署
管制,control,2,TFDA、衛生福利部食品藥物管理署
食品衛生安全管理,food safety and sanitation management,2,
食源性疾病,foodborne diseases,2,
法規標準,regulatory standards,2,
蛋雞養殖場,layer farms,2,
最大農藥殘留限量公告,Maximum Residue Levels for Agricultural Compounds Notice,1,
國際食品法典委員會最大殘留限量,Codex Maximum Residue limits,1,
紐西蘭食品安全標準,New Zealand food safety standards,1,
食品衛生管理法,Act Governing Food Safety and Sanitation,1,
微生物規格標準,microbiological specifications,1,食品組
行政院食品安全辦公室,the Office of Food Safety of Executive Yuan,1,
環境保護署,Environment Protection Administration (EPA),1,
環境保護與食品安全協調會報,Food Safety coordination Task Force,1,
食品安全衛生條例,Act Governing Food Safety and Sanitation,1,
食品安全風險分析和管理,food safety risk analysis and management,1,
食品安全衛生預警和稽核制度,early warning and audit system of food safety and hygiene,1,
食品傳染疾病爆發,food-borne disease outbreaks,1,
殘留物容許標準,residue acceptance criteria,1,食藥署(食品組1科)
實驗室人員,laboratory staff personnel,1,
食品衛生監測活動,food sanitation monitoring activities,1,三區管中心、漁業署
食品衛生稽查人員,inspectors,1,三區管中心、漁業署
養殖場安全用藥,usage of veterinary drugs in aquaculture farms,1,三區管中心、漁業署
外銷水產標準,export standards for aquatic products,1,三區管中心、漁業署
品質要求,quality requirements,1,三區管中心、漁業署
行動值,levels of action,1,
最低要求性能限值,minimum required performance limits (MRPLs),1,
違規食品業者,violative commodities,1,中區管理中心、防檢署
內部微生物監控計畫,in-house monitoring program for microorganisms,1,
環測試,ring tests,1,
測試方法,testing methods,1,研檢組
系統,system,1,研檢組
國際間認可之方法,internationally recognized testing method,1,研檢組
歐盟法規96/93/EC,Directive 96/93/EC,1,
食品製造商,food manufacture,1,
NRP計畫,NRP plan,1,
最大殘留容許量,maximum residue level (MRL),1,
退回,return,1,
內部品質管理系統,internal quality management systems,1,
認證項目,accreditation items,1,
食品安全主管機關,food safety competent authorities,1,
單核細胞增生李斯特氏菌,Listeria monocytogenes,1,
美國食品和藥物管理局,U.S. Food and Drug Administration (FDA),1,
細菌學分析手冊,Bacteriological Analytical Manual (BAM),1,
國際標準化組織,International Organization for Standardization (ISO),1,
輸美熱處理即食肉類產品衛生和安全採樣和分析系統實施指南,Guidelines Governing Implementation of Hygiene and Safety Sampling and Analysis System for Heat-Treated Ready to Eat Meat Products Intended for Export to the United States,1,
FSIS 微生物實驗室指南,FSIS Microbiology Laboratory Guidebook (MLG),1,
食品標示,Labeling,1,
輸出之食品,export food products,1,
三角貿易,triangular trade,1,
食品樣本,food samples,1,
食品,food commodities,1,
食品輸出業者,food business exporters,1,
食品加工製造商,Manufacturers who process food products,1,
食品廠,food establishments,1,
氨基甲酸鹽殺蟲劑,carbamates,1,
生產鏈各階段的追溯性,traceability at all stages of the production chain,1,
水產養殖業,aquaculture field,1,
來自國內水產養殖之水產品原料,Fishery product materials from domestic aquaculture,1,
水產養殖場供應水產品至加工廠出口至歐盟之註冊管理辦法,Directions governing registration of aquaculture farms supplying fishery products to processing plants intended for export to EU,1,FA
水產品藥物及化學殘留抽樣與監測,sampling and monitoring work on the drug and chemical residues of aquatic products,1,FA
來自進口水產養殖之原料,raw materials from importing aquaculture,1,
CA,CA,1,
EFS系統,EFS system,1,BSMI
LAUs,LAUs,1,
良好衛生規範,Good Hygiene Practice,1,
出口至歐盟之魚類及水產品官方管制行動方案,Action Program for the Official Controls of Fish and Fishery Products Intended for Export to the European Union,1,APHIA、BSMI、FA、TFDA、and
動物衛生檢疫科,Section Chief of Animal Health Inspection,1,
良好衛生規範準則,good hygiene practice for foods,1,
微生物與化學殘留分析,microbiological and chemical residue analysis,1,
漁業署,Fisheries Agency (FA),1,人事室、北區管理中心、漁業署
官方檢查員,Official inspectors,1,人事室、北區管理中心、漁業署
漁業（獸醫）,Fishery (veterinarians),1,人事室、北區管理中心、漁業署
家畜（獸醫）,Livestock (veterinarians),1,人事室、北區管理中心、漁業署
地方縣（市）衛生局,local county/city health bureau,1,人事室、北區管理中心、漁業署
食藥署(食品組),TFDA,1,食藥署(食品組)
地方動物疫病檢驗機構,Local Animal Disease Inspection Authorities (LADIAs),1,
動物衛生檢驗,animal health inspection,1,
能力測試計劃,proficiency testing schemes,1,衛生福利部食品藥物管理署
能力驗證提供者,proficiency test provider,1,衛生福利部食品藥物管理署
矩陣,matrix,1,衛生福利部食品藥物管理署
標準分數,z-score,1,衛生福利部食品藥物管理署
委員會決議 98/179/EC 的附件,Annex to Commission Decision 98/179/EC,1,衛生福利部食品藥物管理署
雞蛋中動物用藥殘留,veterinary drug residues in eggs,1,衛生福利部食品藥物管理署
雞蛋中農藥殘留,pesticide residues in eggs,1,衛生福利部食品藥物管理署
輸銷美國加熱全熟肉品衛生安全取樣分析作業指南（草案）,Guidelines Governing Implementation of Hygiene and Safety Sampling and Analysis System for Heat- treated Ready to Eat Meat Products Intended for Export to the United States (Draft),1,
食品接觸面,food contact surface,1,
強化驗證檢驗 (IVT) 協議,Intensified Verification Testing (IVT) Protocol,1,
加熱肉品輸銷美國之生產工廠查核計畫環境取樣程序,Directions for Auditing Establishments Producing Heat Treated Meat Products for the U.S. Market,1,
地方衛生局,local (city/country) health bureaus,1,地方衛生局
國家監測計畫,national residue monitoring plan,1,防檢署
微生物控制,microbial control,1,
食品製造業,food businesses,1,
(EU) 2022/2292 號條例,Regulation (EU) 2022/2292,1,
附件 I 第 II 部分,Part II of Annex I,1,
病原體檢驗,test for pathogens,1,
我國加熱肉品輸銷美國之生產工廠查核計畫環境取樣程序（草案）,Guidelines Governing Implementation of Hygiene and Safety Sampling and Analysis System for Heat treated Ready to Eat Meat Products Intended for Export to the United States (Draft),1,
私人檢驗機構,private analysis,1,
ISO 17025 認證,accredited by ISO 17025,1,
官方管制機制,official control mechanisms,1,
目標殘留物,target residues,1,
內部監控計畫,in-house monitoring program,1,
採樣週期,sampling cycles,1,
應訂定食品安全監測計畫與應辦理檢驗之食品業者、最低檢驗週期及其他相關事項,Food Businesses Shall Enact Food Safety Monitoring Plan and Mandatorily Conduct Tests and Meet the Minimum Testing Cycle and Other Relevant Matters,1,
最低檢驗週期,minimum testing cycle,1,
獸藥及農藥殘留限量標準,standards for veterinary drug and pesticide residue limits in foods,1,TFDA
促進食品生產動物的生長,growth promotion in food-producing animals,1,
分離生產系統,split (segregated) production system,1,
衛生規定,sanitary rules,1,衛生福利部食品藥物管理署
資格檢查,eligibility checks,1,衛生福利部食品藥物管理署
衛生福利部食品藥物管理署,"Taiwan Food and Drug Administration (hereinafter referred to as TFDA), Ministry of Health and Welfare",1,衛生福利部食品藥物管理署
核准輸臺生產設施,approved establishments,1,衛生福利部食品藥物管理署
抗菌劑,antibacterial substances,1,防檢局
持久性有機污染物,persistent organic pollutants,1,
殘留物檢驗,residue test,1,
檢驗機關(構),testing agency (institution),1,
外銷食品,products which are exported,1,
食品安全衛生相關法規,food regulations,1,
出口產品,exported products,1,
移動管制,move control,1,
複驗,re-inspection,1,
官方管制人員,official control officers,1,防檢局
國家相關法規,national legislation,1,
官方分析方法,official methods of analysis,1,
國際公定分析化學家協會,Association of Official Agricultural Chemists (AOAC),1,
倉儲廠,clod stores,1,
殘留物監控結果,results of the residue testing,1,
鹿慢性消耗病,chronic wasting disease,1,
輸入查驗,border inspections,1,
肉品分切加工廠,cutting and processing plant,1,
衛生證明書,sanitary certificate,1,BAPHIQ
自由銷售與製造證明書,certificate of free sales and manufacturing,1,BAPHIQ
WTO/SPS 委員會,WTO/SPS committee,1,BAPHIQ
強制性HACCP,mandatory HACCP,1,
動物和企業,animal holdings and establishments,1,
冷庫,cold stores,1,
食藥署研究檢驗組,Division of Research and Analysis of TFDA,1,研檢組
食安,food safety,1,研檢組
加工屠宰廠,Slaughterhouse with processing plant,1,
豬肉與其製品,pork and its products,1,
冷凍食品類微生物衛生標準,Sanitation Standard for the Microorganism in Frozen Foods,1,
營養分析,food nutrient analysis,1,
食品業,food business,1,
輸入食品之輸入查驗和實驗室檢驗認證,port-of-entry inspection and laboratory testing of imported food,1,
之後市場查驗,post-marketing inspection,1,
魚種主要部位,main parts of fish,1,國貿署
可食用魚頭,edible fish head,1,國貿署
可食用部位,edible parts,1,國貿署
可食用腸子,edible intestines,1,國貿署
可食用軟體動物腸子,edible molluscs intestines,1,國貿署
HACCP管制小組,HACCP team,1,
加工流程圖,production flow diagram,1,
生物性、化學性及物理性危害物質,"biological, chemical and physical hazards",1,
針對性的抽樣計畫,targeted sampling plans,1,
水產品加工廠,processed fishery products,1,食品組
水產品加工業者,aquatic product manufacturers,1,食品組
食品販售業者,food product sales companies,1,食品組
加工場,processing plant,1,
原料魚,raw fish,1,
養殖場,aquaculture farm,1,
食品良好衛生規範準則,Good Hygiene Practices (GHP),1,
龍虎斑,grouper,1,
食品製造業者,food manufacturer,1,
可追溯來源,traceable source,1,
農產品初級加工場,primary processing plant of agricultural products,1,
食品召回,Food recall,1,食藥署
快速警報系統,rapid alert systems,1,食藥署
國家食品安全會報,National Food Safety Board,1,
縣(區)(市)食品安全會報,Municipal/county/city Food Safety Board,1,
行政院農業委員會,Council of Agriculture,1,
海關,customs,1,
行政院食品安全辦公室,Office of Food Safety,1,
食品安全衛生管理措施,food safety management measures,1,
CN 碼,CN code,1,
鴨蛋（含殼）,Duck eggs (in shell),1,
熟鹹鴨蛋,Boiled salted duck eggs,1,
半熟雞蛋／水煮雞蛋,Soft/Hard Boiled Chicken Eggs,1,
半熟鵪鶉蛋／水煮鵪鶉蛋,Soft/Hard Boiled Quail Eggs,1,
預製水煮鵪鶉蛋（殺菌袋）,prepared boiled quail egg(retort pouch),1,
預製水煮雞蛋（殺菌袋）,prepared boiled chicken egg(retort pouch),1,
煎蛋餅（經烹煮與油煎之雞蛋加工品）,"Egg Omelette (Chicken Egg processing food, cooking and frying)",1,
新鮮冰品（冰棒等）,Ice Novelty (Ice Bar etc.),1,
甲苯達唑,flubendazole,1,
泰黴素,tylosin,1,
動物用藥殘留標準,standard for veterinary drug residue limit,1,
泰黴素殘留,tylosin residue,1,
食品安全法規,food safety provision,1,
衛生局,Department of Health,1,
殘留容許量標準,standards of residue limits,1,
確認方法偵測極限,CONFIR. METH. DETECTION LIMIT,1,
國家參考實驗室,national reference laboratory,1,
微生物污染,microbiological contamination,1,
國家監測計畫,national monitoring program,1,
肉類與肉品,meat and meat products,1,
倉儲廠,cold stores,1,標準局
養殖水產品殘留物監測,residue monitoring for aquaculture fishery products,1,標準局
國家參考實驗室,National Reference Laboratories,1,北區管理中心、漁業署、研檢組
政府採購條例,Taiwan Government Purchasing Regulation,1,北區管理中心、漁業署、研檢組
研究檢驗組,Division of Research and Analysis,1,北區管理中心、漁業署、研檢組
主管當局,competent authorities,1,
審核,audit,1,
食品藥物管理署,"Taiwan Food and Drug Administration, TFDA",1,食品藥物管理署
食品組,Food Division,1,食品藥物管理署
食品衛生安全管理,Food Safety and Hygiene Management,1,食品藥物管理署
食品稽查,Food Inspection,1,
食品監測,Food Monitoring,1,
出口食品,Exporting foods,1,
輸入國家,importing country,1,
跨部會食品聯合稽查專案,joint inspection program for food products from multiple ministries and departments,1,
tilmicosin,tilmicosin,1,食藥署
英國模板,UK template,1,食藥署
歐盟模板,EU template,1,食藥署
雞蛋檢體,hen egg sample,1,食藥署
加熱肉品輸銷美國之生產工廠查核計畫,Directions for Auditing Establishments Producing Heat-Treated Meat Products for the U.S. Market,1,防檢局
輸出證明,export certificates,1,防檢局
即食性加熱全熟肉品,heat-treated RTE product,1,防檢局
殺菌後暴露風險,post lethality exposed,1,防檢局
可追溯性資訊,traceability information,1,
食品追溯追蹤系統,food traceability system,1,
追溯或追蹤系統,tracing or tracking system,1,
紅肉,red meat,1,
食品、醫藥或化學,"food, medicine or chemistry",1,北區管理中心、漁業署
政府採購規定,Government Procurement Act,1,北區管理中心、漁業署
微生物測試實驗室質量管理品質控制要求,Microbiological testing laboratory quality management quality control requirements,1,北區管理中心、漁業署
病原微生物,Pathogenic microorganism,1,
外銷水產品衛生安全管理系統驗證實施辦法,Regulations Governing Implementation of Hygiene and Safety Management System Certification of Fish and Fishery Products for Export,1,標檢局
動物用藥品管理法,Veterinary Drug Control Act,1,防檢局
殘留監測制度,residue monitoring system,1,防檢局
農產品管理,agricultural produce management,1,
衛生與食品安全,hygiene and food safety,1,
動物與植物防疫檢疫署,Animal and Plant Health Inspection Agency (APHIA),1,
動物防疫檢疫,inspection and quarantine of animal and plant,1,
進出口證明書,import and export certificates,1,
肉品檢驗證明書,meat inspection certificate,1,
進出口肉品檢驗證明書,inspection certificate of importing and exporting meats,1,
出口動植物及其產品之生產現場檢查,Inspection at the production sites for exporting animal and plant and their products,1,
預防控制計畫,Preventive Control Plan,1,
漁獲物,fishery catch,1,漁業署
檢查與驗證系統架構,Inspection and Certification System Infrastructure,1,
查核,examination,1,
監控,monitoring,1,
管理措施,management measures,1,
農、畜與水產品安全管理工作小組,"Agricultural, livestock and fishery products safety management working groups",1,
中央畜產會,National Animal Industry Foundation,1,中區管理中心、品質監督管理組、防檢署
國立成功大學微量毒物研究中心,Research Center for Environmental Trace Toxic Substances of National Chung Kung University,1,中區管理中心、品質監督管理組、防檢署
食品邊境管理者,food border inspection management,1,TFDA
區域中心,Regional Centers,1,TFDA
邊境管制,border inspection,1,TFDA
邊境報驗相關要求,border inspection requirements,1,TFDA
作業流程,protocols,1,TFDA
檢驗通報,inspection reporting,1,TFDA
合格性驗證程序,compliance reporting,1,TFDA
食品安全衛生管理法施行細則,Enforcement Rules of Act Governing Food Safety and Sanitation,1,防檢署、食藥署(北區管理中心)
動物用藥之使用,Usage of veterinary drugs,1,
食用蛋之貯存、處理和運送,"Storage, handling and distribution of table eggs",1,
產品之食品安全標準,Food safety standards of products,1,
輸入管制,Import control,1,
輸出,Exports,1,
輸入食品邊境查驗,Border inspection of imported foods,1,
漁獲產品,fishery products,1,
動物油製品,animal oil products,1,
食品工廠,food establishments,1,
歐盟法律,EU legislation,1,
食品衛生、安全與品質,"food sanitation, safety and quality",1,
食品業登錄,food business registration,1,
食品工廠標準,establishment standard,1,
食品良好衛生規範準則,Good Hygiene Practice (GHP),1,
肉類、乳製品與蛋製品加工廠,"meat processing businesses, dairy product processing businesses, and egg products processing plants",1,
鮭魚原料,salmonid raw materials,1,
鮭魚產品和原料之輸入,importation of salmonid products and materials,1,
鮭魚產品加工廠和輸出區之登記,registration of salmonid processing premises and export facilities,1,
鮭魚產品之輸出認證,export certification for salmonid products,1,
動物性油品,animal oil products,1,
牛海綿狀腦病牛源產品,products of BSE bovine origin,1,
食品安全管制系統準則（HACCP）,Regulations on Food Safety Control System (HACCP),1,
寄生蟲,parasite,1,
製程品管,processing process control,1,
食品器皿,food utensils,1,食藥署
查驗登記,"Registration, and certification",1,食藥署
食品製造加工,food manufacturing process,1,食藥署
食品服務,food services,1,食藥署
檢項,Testing item,1,三區管中心
違規數量,The number of non-compliant cases,1,三區管中心
腸炎弧菌,Vibrio Parahaemolyticus,1,三區管中心
抗球蟲藥,coccidiostat residues,1,中區管理中心、防檢署
動物用藥停藥期,withdrawal period for veterinary drugs,1,防檢署
生長激素促進劑,growth promoters,1,
禁用藥物／物質清單,list of banned drugs/substances,1,
農藥之登記,registration of approved pesticides,1,
畜牧、家禽與水產業,"livestock, poultry and aquatic",1,
動物用藥殘留物與農藥殘留物,veterinary drug residues and pesticides residues,1,
官方後市場查驗,official post-market inspections,1,
肉品安全與品質保證計畫,meat safety and quality assurance program,1,
肉品加工業,meat processing industries,1,
食品安全管理體系查驗規定,Regulations on Food Safety Control System,1,
HACCP查驗計畫,HACCP inspection program,1,
食品衛生法規,food-related hygiene regulation,1,
熱處理的雞蛋,heat treated eggs,1,
加工流程,processing processes,1,
HACCP 驗證檢核表,checklist for HACCP certification,1,監管組
前提方案,prerequisite program,1,監管組
HACCP 系統驗證,HACCP system verification,1,監管組
優良製造規範,Good Manufacturing Practice (GMP),1,
Q 熱,Q-fever,1,
曲狀桿菌,Campylobacter,1,
李氏桿菌,Listeria,1,
食源性病原體,foodborne pathogens,1,
GB MRL List,GB MRL List,1,
秋水仙素,colchicine,1,
對氨基苯磺酰胺,dapsone,1,
待美嘧唑,dimetridazole,1,
羅力嘧唑,ronidazole,1,
公共獸醫,public veterinarians,1,
衛生監督,sanitary monitoring,1,
物理/化學/生物規格,physical/chemical/biological specifications,1,食品組
測試標準,testing standards,1,食品組
官方檢驗工作,Official inspection tasks,1,
驗證機構,institution accredited,1,
實驗室資訊管理系統,laboratory information management system,1,食藥署(監管組)
檢驗機構,inspection agencies,1,食藥署(監管組)
國家微生物檢測方案計畫,national microbiological testing program plans,1,食藥署(三區管中心)
即食肉製品,RTE meat products,1,食藥署(三區管中心)
符合相關規定,met regulatory standards,1,食藥署(三區管中心)
最大殘留容許限量／數值,Maximum Residue Limits/Levels (MRLs and MLs),1,
歐盟最大殘留容許量／上限,EU MRLs/MLs,1,
藥理活性物質（動物用藥）,pharmacologically active substances (veterinary medicines),1,
因飼料導致非目標物種之球蟲藥殘留,coccidiostat residues in non-target species due to carry over in feed,1,
污染,contaminants,1,
最低檢測能力要求,minimum required performance limits (MRPLs),1,
歐盟最大殘留容許量,EU MRLs,1,
樂黴素,flavophospholipol,1,
崔西桿菌素,bacitracin,1,
卡那黴素,kanamycin,1,
觀黴素,spectinomycin,1,
三甲氧芐氨嘧啶,trimethoprim,1,
鹽酸左旋咪唑,levamisole,1,
生豬,live pig,1,
豬肉產品,pork meat product,1,
分離之生產系統,split (segregated) production system,1,
直轄市、縣（市）主管機關,local governments health bureau,1,
衛生安全,sanitation and safety,1,
獸醫,veterinary,1,
官方控制,official controls,1,
保水性驗證計畫,validated water retention program,1,
食用生紅肉產品,edible raw red meat products,1,
保水性控制,water retention control,1,
紅肉屠宰場,red meat slaughter establishments,1,
殘留物監測計畫,residue-monitoring program,1,食藥署
風險之國家殘留物監測計畫,risk-based national residue monitoring program,1,食藥署
動物用藥殘留標準,standards for veterinary drug residue limits in foods,1,食藥署
授權實驗室,authorised laboratories,1,食藥署
乙型受體素,β- agonists,1,食藥署
β-內酰胺類,β-lactam,1,食藥署
HACCP 系統,HACCP systems,1,
實驗室認證服務,laboratory accreditation services,1,
食品,Foods,1,
蛋雞,layers,1,防檢署
Amprolium,Amprolium,1,防檢署
Colistin,Colistin,1,防檢署
Flubendazole,Flubendazole,1,防檢署
hydroxy代謝產物,hydroxymetabolites,1,
行動閾值,levels of action,1,
歐盟邊境查驗點,European Union border controls,1,
退運,rejection,1,
貨品,consignments,1,
後市場監測計劃,post-market monitoring plan,1,
歐盟核准之工廠,EU-approved establishments,1,
分析證明書,certificate of analysis,1,
高溫短時殺菌,high-temperature short-time (HTST),1,
殺菌程序,sterilization process,1,
硝基咪唑,dimetridazole,1,防檢署
官方殘留測試,official residue testing,1,
藥物殘留檢測,testing of pharmacologically active substances,1,
中央畜產會,National Animal Industry Foundation (NAIF),1,
環境微量毒物研究中心,Research Center of Environmental Trace Toxic Substances,1,
塑膠材料溶出測試,Migration testing of plastic material constituents,1,
衛生安全及品質之標準,"Sanitation Standard for Food Utensils, Containers and Packages",1,
肉類加工食品,Meat Product,1,
畜禽肉類,livestock and poultry meats,1,
冷藏、冷凍畜禽生鮮肉品,refrigerated and frozen fresh livestock and poultry meat,1,
醃漬肉品,cured meat,1,
香腸,sausage,1,
乾燥肉品,dried meat,1,
肉類罐頭,canned meat products,1,
殘留監測活動,residue monitoring activities,1,三區管中心、漁業署
風險為基礎的國家殘留監測計畫,risk-based national residue monitoring program,1,三區管中心、漁業署
衛生管理,sanitary management,1,三區管中心、漁業署
未上市水產品產地監測計畫,quality and hygienic condition surveillance,1,三區管中心、漁業署
外銷水產品供貨漁船衛生管理計畫,"sanitary management, traceability on fish farm and vessels",1,三區管中心、漁業署
輸出檢疫與衛生證明書,veterinary and health certificates for export,1,
食品安全衛生管理,management of food safety and sanitation,1,
蛋類與蛋類產品衛生標準,Sanitation Standard for Eggs and Egg Products,1,
化學安全疑慮,chemical safety concerns,1,
carbadox,carbadox,1,
olaquindox,olaquindox,1,
nifursol,nifursol,1,
後市場殘留物監測計畫,post-market residue monitor plan,1,中區管理中心、防檢署
第三國,Third Countries,1,
冷藏豬肉,chilled pork,1,
冷凍豬肉,frozen pork,1,
肉類及肉製品,Meat and Meat Products,1,
禁用藥,banned veterinary drugs,1,中區管理中心、食品組5科
定量極限,limit of quantitation (LOQ),1,中區管理中心、食品組5科
國家化學物質及殘留管制,National chemical and residue controls,1,
獸醫事務,veterinary services,1,
不合格產品,non-compliant food products,1,食藥署(三區管中心)
抽樣檢測,sampling tests,1,食藥署(三區管中心)
下架、沒收銷毀,"recalled, confiscated and destroyed",1,食藥署(三區管中心)
食品工廠,food facility,1,食藥署(三區管中心)
動物與食品安全管制部門,animal and food safety control services,1,
食品安全管制,food safety control,1,
乳品加工業應符合「食品安全管制系統準則（HACCP）」,The Dairy Product Processing Industry Shall Conform to the “Food Safety Control System (HACCP)”,1,
蛋製品工廠應符合食品安全管制系統準則之規定,The Provisions of Egg Products Plants Shall Meet the Regulations on Food Safety Control System,1,
肉品加工業應符合食品安全管制系統準則之規定,The Provisions of Meat Processing Industries Shall Meet the Regulations on Food Safety Control System,1,
食品安全與衛生政策、法規及管理,"food safety and sanitation policies, regulations and management",1,
食品產品註冊與認證,"Registration, and certification of food products",1,
食品容器、食品包裝,"food containers, food packaging",1,
進口食品及其相關產品管理,imported foods and related products management,1,
食品製造流程管理,food manufacturing process management,1,
食品業者安全與衛生政策及法規,safety and sanitation policies and regulations on food business,1,
食品檢驗方法之建立,Establishment of specification and testing methods for food,1,
食品實驗室認證,accreditation of food laboratories,1,
良好製造規範查核,Good Manufacturing Practice inspection,1,
進口食品入境查驗與實驗室檢驗之認證,certification on port-of-entry inspection and laboratory testing of imported food,1,
食品上市後查驗與實驗室檢驗,post-marketing inspection and laboratory testing of food,1,
委員會令 96/23/EC 附件 II,Annex II to Council Directive 96/23/EC,1,
監測,monitoring,1,
食品品質,food quality,1,
產品管理分銷系統,PMDS (Product Management Distribution System),1,
肉製品殘留監測實驗室之檢查、檢驗能力證明書,Ministry of Health Welfare Accreditation Certificate in Food Testing Institution,1,
添加的物質,inputs,1,
消毒劑,disinfectants,1,
kitasamycin,kitasamycin,1,防檢署
virginiamycin,virginiamycin,1,防檢署
食品安全檢驗,food safety inspection,1,防檢署
動物用藥品殘留,veterinary drug residues,1,防檢署
動物用藥品檢驗方法,veterinary drug testing methods,1,防檢署
雙殼貝類,bivalve mollusk,1,
官方管制計劃,official control program,1,
廣告,advertising,1,TFDA
查核和管控,examination and control,1,TFDA
違規或不可接受的測試結果,violative or unacceptable test results,1,
重新取樣,resampled,1,
重新測試,retested,1,
活之動物,live animals,1,
動物來源之產品,products of animal origin,1,
食品用洗潔劑及其器具、容器或包裝,"food cleansers, food utensils, food containers or packaging",1,
重金屬限量,maximum levels of metals in food,1,
食品一般衛生,General hygiene of Food products,1,
殘留監測計劃,residue monitoring plan,1,中區管理中心、防檢署
保留條例 2017/625,Retained Regulation 2017/625,1,中區管理中心、防檢署
官方控制（動物、飼料和食品、植物健康等）（修正案）（歐盟出口）條例 2020/1481,"Official Controls (Animals, Feed and Food, Plant Health etc.) (Amendment) (EU Exit) Regulations 2020/1481",1,中區管理中心、防檢署
動物用藥殘留管制計畫,Regulatory programme for the control of veterinary drug residues in food,1,中區管理中心、防檢署
國家殘留物監測計劃,National residue monitoring programmes,1,
農藥登記,registration of approved pesticides,1,
參考方法,Reference method,1,
微生物分析之樣本準備和稀釋,Preparation of samples and dilution for microbiological analysis,1,
食品微生物之檢驗方法－乳品中李斯特菌之檢驗,Methods of Test for Food Microorganisms-Test of Listeria monocytogenes in Dairy Foods,1,
乳品,Dairy Foods,1,
食品微生物之檢驗方法－沙門氏桿菌之檢驗,Methods of Test for Food Microorganisms-Test of Salmonella,1,
體細胞數,Somatic cell count,1,
乳品－產銷履歷良好農業規範,Milk - production and marketing history good agricultural practices,1,
30°C 下之生菌數,Plate count at 30°C,1,
生菌數之檢驗,Test of Standard Plate Count (Aerobic Plate Count),1,
李斯特菌檢測／計數,Detection/enumeration of Listeria monocytogenes,1,
沙門氏桿菌檢測,Detection of Salmonella,1,
病原性大腸桿菌計數,Enumeration of E. Coli pathogens,1,
病原性大腸桿菌之檢驗,Methods of Test for Food Microorganisms-Test of Pathogenic Escherichia coli,1,
凝固酶陽性之葡萄球菌,Coagulase-postive Staphylococci,1,
金黃色葡萄球菌之檢驗,Methods of Test for Food Microorganisms-Test of Staphylococcus aureus,1,
金黃色葡萄球菌腸毒素檢測,Detection of Staphylococcal enterotoxins,1,
志賀氏桿菌之檢驗,Methods of Test for Food Microorganisms-Test of Shigella,1,
大腸桿菌之檢驗,Methods of Test for Food Microorganisms-Test of Escherichia coli,1,
阪崎腸桿菌之檢驗,Methods of Test for Food Microorganisms-Test of Cronobacter,1,
耶辛尼氏腸炎桿菌之檢驗,Methods of Test for Food Microorganisms-Test of Yersinia enterocolitica,1,
等效協議,equivalence agreement,1,
冷凍赤象拔蚌沙拉,Frozen Kuro Mirugai Salad,1,
北極象拔蚌,NORTHERN PROPELLER CLAMS,1,
美洲大赤魷,GIGANT SQUID,1,
飛魚卵,FLYING FISH ROE,1,
食品添加物,Addictive,1,
冷凍黃金雪幸子,Frozen Squid with Fish Roe,1,
北極貝,ARCTIC SURF CLAMS,1,
增稠劑,Thickener,1,
過敏原,Allergy,1,
冷凍黃金雪明子,Frozen Hokkigai with Fish Roe,1,
冷凍蘭花蚌,Frozen Orchid Clam,1,
冷凍海鮮沙拉,Frozen Sea Salad,1,
柳葉魚卵,CAPELIN ROE,1,
海洋管理委員會,Marine Stewardship Council,1,
食物鏈,food chain,1,
營運商,operator,1,
人畜共患病,zoonosis,1,食藥署(食品組6科)
食媒性疾病,foodborne disease,1,食藥署(食品組6科)
地方衛生主管機關,local health authorities,1,食藥署(食品組6科)
產品通路管理資訊系統,Product Management Decision System (PMDS),1,食藥署(食品組6科)
食品中毒事件調查簡速報告單,Preliminary Investigation Report on Food Poisoning Incidents,1,食藥署(食品組6科)
豬肉及其製品,Pork and related products,1,
微生物污染,Microorganism,1,
冷凍食品微生物衛生標準,Sanitation Standard for the Microorganism in Frozen Foods,1,
HACCP 檢驗計畫,HACCP inspection program,1,
衛生法規,hygiene regulation,1,
硝呋喃,nitrofurans,1,
殘留獸藥,residual veterinary drugs,1,
微生物準則,microbiological criteria,1,
獸醫公共衛生實驗室,veterinary laboratories in the field of public health,1,
動物用藥最大殘留量,veterinary drugs regulations of maximum residue levels (MRLs),1,
後市場試驗,post-market testing,1,
ISO 17025認證,ISO 17025 accreditation,1,
食品微生物檢驗方法,Test for Food Microorganisms,1,
政府稽查員,government inspectors,1,防檢署、食藥署(三區管中心)
食品衛生安全,food safety,1,防檢署、食藥署(三區管中心)
獸醫,veterinarians,1,防檢署、食藥署(三區管中心)
動物疾病,animal diseases,1,防檢署、食藥署(三區管中心)
人畜共通傳染病調查,zoonosis investigation,1,防檢署、食藥署(三區管中心)
邊境控制,border control,1,防檢署、食藥署(三區管中心)
最大容許量,Maximum Levels,1,
污染物,Contaminants,1,
用於水果及蔬菜的農藥,Pesticides on fruit & vegetables,1,
脂肪與油中的芥酸,Erucic acid in oils and fats,1,
動物性食品的農藥殘留,Pesticide residues in Food of animal origin,1,
放射性污染,Radioactive contamination,1,
植物性食品的農藥殘留,Pesticide residues in Foodstuff of plant origin,1,
動物性食品的動物用藥殘留,Veterinary medicinal products residues in Foodstuff of animal origin,1,
食品中原子塵或放射能污染安全容許量,"the nuclear fallout or radioactivity, and foods being sold shall conform to sanitation, safety and quality standards",1,
食品農藥殘留容許量標準,Standards for Pesticide Residue Limits in Foods,1,
動物產品農藥殘留標容許量標準,Standards for Pesticide Residue Limits in Animal Products,1,
食品中原子塵或放線能污染農許量標準,Standards for the Tolerance of Atomic Dust and Radioactivity Contamination in Foods,1,
輸入食品廠,importing products of the establishment,1,
歐盟食品及飼料快速預警系統,RASFF,1,
不合格案件,non-compliance case,1,
農產品/工業化學殘留物及獸藥管制法規,regulations used in the control of agricultural/industrial chemical residues and veterinary drugs,1,
殘留容許量,tolerances,1,
停藥計畫,withdrawal program,1,
風險導向國家殘留監測計畫,risk-based national residue monitoring program,1,
上市後,post-market,1,
獸藥殘留限量標準,Standards for veterinary drug residue limits in foods,1,
β-腎上腺素受體促效劑,β- agonists,1,
實驗室服務,Laboratory Services,1,
檢驗項目,laboratory test items,1,
即食性肉類,RTE meat,1,防檢局、食藥署
家禽產品,poultry products,1,防檢局、食藥署
巴氏殺菌蛋產品,pasteurized egg products,1,防檢局、食藥署
加熱肉品食品,heat-treated meat products,1,防檢局、食藥署
年度報告,annual reports,1,
衛生主管機關,Health Authorities,1,
衛生證明,Health Certificates,1,
致病性危害,pathogenic hazards,1,
政府官方分析,official government analyses,1,
法律、法規或檢查程序,"laws, regulations, or inspection procedures",1,防檢局
國家殘留容許量,national residue limits,1,食藥署
歐盟限量/含量,EU limits/levels,1,食藥署
沙門桿菌,Salmonella,1,防檢局
輸出檢疫證明書,export certificates,1,防檢局
自主管理措施,self-management procedures,1,防檢局
活生鮮冷藏魚產品,Live and refrigerated fish products,1,食藥署
冷凍魚產品,Frozen fish products,1,食藥署
活生鮮冷藏甲殼類產品,Live and refrigerated crustaceans,1,食藥署
冷凍甲殼類產品,Frozen crustaceans,1,食藥署
其他活生鮮冷藏水產品,Other live and refrigerated aquaculture,1,食藥署
其他冷凍水產品,Other frozen aquaculture,1,食藥署
進口水產品,imported aquaculture products,1,防檢局
苯駢芘,benzopyrene,1,
容許限量,allowable limits,1,
Enrofloxacin,Enrofloxacin,1,
動物用藥,Veterinary drugs,1,
殘留容許量,allowable residual limits,1,
出口證明,EXPORT CERTIFICATION,1,
衛生證明,sanitation certificate,1,
獸醫證明,veterinary certificate,1,
動植物檢疫與申報證明核發作業準則,Directions of certificate issued for animal and plant quarantined and declared,1,
進出口動物產品檢疫作業簡化作業準則,Operational Directions for Simplification on Conducting Quarantine Inspection of Import and Export Animal Products,1,
微生物監控結果,microbiological monitoring results,1,
不符合原因,reason of nonconformity,1,
HACCP原則,HACCP principles,1,
屠宰場設置標準,Establishment Standards for Slaughterhouse,1,
現場查核,spot inspections,1,
不合格產品,non-conformity,1,
家禽肉加工設施,poultry meat facilities,1,
食品工廠,food processing plants,1,
食品經營業者,FBOs,1,
去氧羥四環素,Doxycycline,1,
原料藥,active pharmaceutical ingredient,1,
氟苯達唑,Flubendazole,1,
孟寧素,Monensin,1,
紅黴素,Erythromycin,1,
歐索林酸,Oxolinic acid,1,
氯四環黴素,Chlortetracycline,1,
新黴素,Neomycin,1,
羥四環黴素,Oxytetracycline,1,
食品安全管制計畫,food safety control programs,1,
卡巴精,Nicarbazin,1,
氟甲磺氯黴素,Florenicol,1,
加工蛋類,processed eggs,1,
重金屬檢驗,heavy metal test,1,
污染殘留,contaminants,1,
能力試驗機構,proficiency test provider,1,
食品檢驗機構認證及委託認證管理辦法,Regulations Governing Accreditation and Outsourced Accreditation Management of Food Testing Institution,1,TFDA
國際標準組織(ISO)/國際電工委員會(IEC) 17025指南,International Organization for Standardization (ISO)/International Electrotechnical Commission (IEC) Guide 17025,1,防檢局
水產加工食品業,aquatic product processing plants,1,食藥署
內部監控程序,in-house monitoring programs,1,
實驗室測試結果,laboratory test results,1,
健康檢查,health examination,1,
食品污染,food contamination,1,
與食品接觸之工作,tasks that involve contact with foods,1,
國家法規,national regulations,1,
乳品與初乳產品,dairy and colostrum-based products,1,
(EC) 853/2004 號規則,Regulation (EC) No 853/2004,1,
禁用動物用藥,prohibited veterinary drugs,1,防檢署
產食動物,food-producing animals,1,防檢署
代謝物,metabolites,1,防檢署
國家微生物監測計畫,National Microorganisms Monitoring Program,1,食藥署(食品組)
設施和設備標準,Facility and equipment standards,1,
工作場所的隔離和分區,Segregation and zoning of workplaces,1,
設廠標準,establishment standard,1,
私立獸醫,private veterinarians,1,
檢查員,inspectors,1,
實驗室檢驗,laboratory testing,1,
動物用藥監測,post-market monitoring program,1,
輸出到韓國的產品,products for export to Korea,1,
GHP,Good Hygiene Practice,1,
肉類與肉類產品輸出認證系統,System of certifying meat and meat products for export,1,
聯合認證系統,Joint certification system,1,
加工衛生證明,Manufactured sanitary certificate,1,
僅供檢疫使用,For Quarantine Use only,1,
殘留檢驗,residue testing,1,
行政院農業委員會藥物毒物試驗所,Taiwan Agricultural Chemicals and Toxic Substances Research Institute (TACTRI),1,
殘留檢測,testing residues,1,
動物源成分,animal origin,1,食藥署
歐盟規範,EU regulations,1,食藥署
業者,FBOs,1,食藥署
切結書,statement,1,食藥署
歐盟成員國,Member States of the European Union,1,食藥署
實施條例 (EU) 2021/405,Implementing Regulation (EU) 2021/405,1,食藥署
中央衛生單位,central competent authority,1,
地方衛生局,local CA,1,
動植物檢疫,inspection and quarantine of animal and plant health,1,
衛生福利部,MOHAW,1,
食品衛生與安全管理,management of food sanitation and safety,1,
衛生局,Health bureau,1,
食品安全管理政策與法規,management policies and regulations of food safety and sanitation,1,TFDA
食品安全監測計畫,food safety surveillance programs,1,TFDA
食品相關事件調查與管理,investigation and management of food-related incidents,1,TFDA
食品進口前之國際合作與管理,international cooperation and management prior to import of food,1,TFDA
食品製造商及市場流通食品之生產過程、流通、檢查、檢驗及指導,"Management of the production process, circulation, inspection, examination, and guidance of food manufacturers and foods placed on market",1,Health、bureau
經濟營運者,economic operators,1,
漁業產品出口至歐盟加工廠供應養殖場註冊管理辦法,Directions governing registration of aquaculture farms supplying fishery products to processing plants intended for export to EU,1,
出口至歐盟魚類及水產品官方管制行動方案,Action Program for the Official Controls of Fish and Fishery Products Intended for Export to the European Union,1,
食品法典,Codex Alimentarius,1,
蛋製品加工廠,egg processing plants,1,
快速預警程序,rapid alert program,1,
不合格,non-conformities,1,
動物及動物產品,animals & animal products,1,
動物用藥及農藥殘留容許量,veterinary drug and pesticide residue limits,1,
食安政策,food safety policies,1,
農畜禽及水產品,"agriculture, livestock, poultry and aquatic",1,
食品條例,food related provision,1,
市售禽畜水產品中動物用藥殘留監測計畫,"post-market monitoring programs on veterinary drug residues for livestock, poultry and aquatic products",1,
逐批查驗,batch-by-batch inspections,1,
衞生證明書,health certificates,1,
公共衛生保證,public health guarantees,1,
輸入後檢驗,post-import testing,1,
邊境檢查站,border inspection posts,1,
輸入食品及相關產品之檢查,Inspection of imported foods and related products,1,
邊境檢查,border inspections,1,
動物及動物製品,Animals and animal products,1,
緊急預警系統,Rapid Alert System,1,
回收產品,recalling such products,1,
食品業者自主通報系統,Food business active reporting system,1,
駐沙烏地阿拉伯王國臺北經濟文化代表處,Taipei Economic & Cultural Representative Office in Kingdom of Saudi Arabia,1,
卡巴得,Carbadox,1,
處方用藥,prescription,1,
輸出證明文件,certificates for export,1,
線上外銷證明申辦系統,Export Certificate Application Process System,1,
加工衛生證明,manufactured sanitary certificate,1,
製造、加工、販賣或輸入者,"manufacturer, seller or importer",1,
獸醫公共健康,Veterinary public health,1,
食品藥物安全管理體系,management system of food and medicinal products,1,
食品相關法規,food related provisions,1,
食品業者登錄管理制度,food business registration management,1,
食品追溯追蹤管理制度,food traceability system,1,
食品三級品管,Three-Tier quality control policy for food products,1,
第三方認驗證制度,third-party verification systems,1,
環境檢測,environmental tests,1,
低酸與酸化罐裝食品,low-acid and acidified canned foods,1,
食品安全管理系統辦法,Regulations on Food Safety Control System,1,
HACCP 系統,HACCP system,1,
罐裝食品,canned food,1,
食品事業,food business,1,
官方機構,official services,1,
衛生福利部TFDA,TFDA of the Department of Health,1,
疾病管制署,Centers for Disease Control (TCDC),1,
殘餘食品,residual food,1,
目標物種,destination species,1,
水產產品,aquatic products,1,
用途,indications,1,
用法,usage,1,
召回產品,recalling the products,1,
食品公司主動通報系統,Food company initiative reporting system,1,
殘留監控計畫,control plan for residues,1,
動物用藥殘留監測計畫,monitoring plan on farms for veterinary drug residues,1,防檢局
洗蛋設施,egg washing facilities,1,
歐盟最大限量,MLs,1,食藥署
國家核准之獸用藥品,nationally authorised veterinary medicinal products,1,食藥署
防偽/篡改系統,anti-counterfeiting/tampering system,1,食藥署(北區管理中心)
執照／登錄與核可流程,licensing/ registration and approval process,1,
法規,laws and legislation,1,
工業主管機關,competent industrial authority,1,
食品藥物管理署,Taiwan Food and Drug Administration,1,
標準檢驗局,"Bureau of Standards, Metrology and Inspection",1,
食品安全和衛生政策,food safety and sanitation policies,1,食品藥物管理署
食品工廠管理,food factory management,1,食品藥物管理署
實驗室認可,"accreditation of food, drugs, medical devices and cosmetics laboratories",1,食品藥物管理署
檢測方法,testing methods,1,食品藥物管理署
邊境及後市場稽查,port-of-entry inspection and post-marketing inspection,1,食品藥物管理署
水產品出口,exportation of fishery products,1,標準檢驗局
衛生及安全管理系統,Hygiene and Safety Management System,1,標準檢驗局
遠洋漁獲物衛生抽驗,sanitary inspections of catch from deep-sea fisheries,1,漁業署
漁船衛生評鑑,sanitary accreditation of fishing boats,1,漁業署
水產品生產之品質安全管理,quality and safety management of seafood production,1,漁業署
殘留控制,residues controls,1,防檢局
國際認證狀態,international accreditation status,1,
食品藥物管理署研究檢驗組,Division of Research and Analysis of Taiwan Food and Drug Administration,1,
微生物檢驗方法,microbiology,1,
食用動物,food-producing animal,1,
奧拉喹多斯,Olaquindox,1,
羅沙松,Roxarsone,1,
二甲嘧唑,Dimetridazole,1,
羅尼達唑,Ronidazole,1,
β-受體激動劑,Beta-agonist,1,
殘留物計畫,residue control plan,1,
市場准入,market access,1,
歐委會第 2011/163 號決定,Commission Decision 2011/163,1,
禁用藥物/物質,banned drugs/substances,1,
食品中污染物與毒素衛生標準,Sanitation Standard for Contaminants and Toxins in Food,1,
委員會令 96/23/EC,Council Directive 96/23/EC,1,
委員會決議,Commission Decision,1,
食品安全控管,food safety control,1,
殘留監測計畫,residue-monitoring program,1,TFDA
獸用藥物殘留,residual veterinary drugs,1,TFDA
食品中獸用藥物殘留限量標準,Standards for veterinary drug residue limits in foods,1,TFDA
分析之偵測極限,analytical limits of detection,1,TFDA
行動值,action levels,1,TFDA
行政院農委會,COA,1,COA
歐盟最低檢測能力要求值,EU minimum required performance limit (MRPL),1,
財團法人中央畜產會,NAIF (National Animal Industry Foundation),1,COA
禁止殘留,residue prohibited,1,
委員會 (EU) 37/2010 號條例,Commission Regulation (EU) No 37/2010,1,
廠內檢查驗證活動,in-plant inspection verification activities,1,
獸用藥物,veterinary drugs,1,動植物防疫檢疫署
原料蛋,egg samples,1,
氨基甲酸酯,carbamates,1,
委外實驗室,outsourced Laboratory,1,
指定試驗室,designated laboratories,1,
矯正行動,corrective actions,1,
廢止試驗室指定狀態,suspend or delist the designated status,1,
動物肉及其製品,meat and meat products,1,本署
毒害物質殘留量檢查,testing of toxic substance residues,1,本署
檢驗能力證書,testing capability certificate,1,本署
食品實驗室,food laboratory,1,本署
水產養殖用食品,food and veterinary products for use in aquaculture,1,
動物用藥,veterinary products,1,
貝類產品,Shellfish,1,食藥署
食品及相關產品標示宣傳廣告涉及不實誇張易生誤解或醫療效能認定準則,"Sanitation and Regulations Governing of Criteria for the Label, Promotion and Advertisement of Foods and Food Products Identified as False, Exaggerated, Misleading or Having Medical Efficacy",1,
攙偽或假冒,adulterated or counterfeited,1,
豬肉產品,pork meat products,1,
雙殼貝類,Bivalve Mollusks,1,
產區分類程序,Procedure for the classification of production areas,1,
有害藻華,harmful algal blooms (HAB),1,
食品標示,Labeling of Food stuff,1,
食品添加劑範圍、應用和限制標準,"Standards for scope, application and limitation of food additives",1,
食品添加劑規範,food additives specification,1,
正面表列,positive list,1,
委員會規範 96/23/EC,Council Directive 96/23/EC,1,
出口監測計劃,monitoring plan for export,1,
預防性控制計畫,Preventive Control Plan (PCP),1,
先決條件管制程序,Pre-requisite Control Programs,1,
輸銷歐盟含乳加工品之複合性食品自檢表,Self-check Guidance for Composite Products Containing Processed Dairy Products Exported to European Union Countries,1,
熱處理肉製品,heat treated meat products,1,
衛生要求,sanitation requirements,1,
國內標準,domestic standards,1,
輸出產品,products which are exported,1,
肉類、家禽或蛋類產品,"meat, poultry, or egg products",1,
污染或摻假,contamination or adulteration,1,
食品添加物,"foods have been deteriorated or rotten, toxic or contain substances or foreign materials that are harmful to human health, contaminated by pathogenic organisms, or have been proven by epidemiological survey to be cause of food poisoning, shall not be manufactured, processed, prepared, packaged, transported, stored, sold, imported, exported, presented as a gift or publicly displayed",1,
官方樣品,official sample,1,
蛋製品工廠,egg product processing establishments,1,
TFDA後市場蛋品殘留物監測計畫,TFDA post-market residue monitoring plan,1,TFDA
水產食品,fishery products,1,
現場查核,on-site inspection,1,
水產養殖產品,Aquaculture products,1,
食品中動物用藥殘留容許量標準,Standards for veterinary drug residue limits in foods,1,
水產品加工廠,aquatic products processing plants,1,
有毒物質殘留,Residue of toxic substances,1,
動物用藥品,veterinary products,1,
賀爾蒙,hormone,1,
區域聯合分工檢驗體系,Regional Integrated Laboratory Testing System,1,
能力檢驗,proficiency test,1,
美洲和歐洲的幼蟲病,American and European foulbrood,1,
乳品加工廠收購酪農原料生乳驗收及計價要點,Directions on acceptance requirements and pricing of dairy processing plant purchasing the raw milk produced by dairy farms,1,
冷凍食品類衛生標準,Sanitation Standard for Frozen Foods,1,
食品多氯聯苯容許量規範,Standard for the Tolerance of Polychlorinated Biphenyl in Foods,1,
食品含戴奧辛及多氯聯苯處理規範,Standard for the Treatment of Polychlorinated Biphenyls Containing Dioxin,1,
微生物檢測方法,microbiological testing methods,1,
衛福部公告方法,official testing methods (promulgated methods),1,
菌株分離及鑑別,isolation and identification,1,
國際能力試驗,international proficiency testing,1,
水產養殖領域,aquaculture field,1,
蜂蜜、蛋與乳製品領域,"honey, eggs and dairy field",1,
食品衛生良好實務規範,Regulations on Good Hygiene Practice for Food,1,
食品安全管理系統查驗登記辦法,Regulations on Food Safety Control System,1,
國家殘留管制計畫,National Residue Control Plan (NRP),1,
種豬,swine,1,農政機關
不可食之部分,inedible,1,農政機關
輸入管制,import controls,1,
託運品,consignment,1,
驗證計畫合格性,verification of program compliance,1,
殘留物監測計畫,control plan for contaminants,1,農政機關
限量標準,Maximum Limit (ML),1,農政機關
汞,mercury,1,農政機關
鎘,cadmium,1,農政機關
肉製品,animal products,1,
販賣日期,sell-by date,1,
水產品加工業者,aquatic product processing industries,1,
水產加工食品業,aquatic processing plant,1,
食品藥物安全管理體系,food and drug safety management system,1,
食品及其相關產品追溯追蹤系統管理辦法,Regulations Governing the Traceability of Food and Related Products,1,
食品良好衛生規範準則,"Regulations on Good Hygiene Practice for Food, GHP",1,
農藥殘留容許量標準,Maximum Residue Limits (MRLs) for pesticides,1,
動物用藥殘留標準,Veterinary drug residue standards,1,
食品安全管制系統準則,Food Safety Control System Standards,1,
衛生證明,Health Certificate,1,
檢驗報告,Inspection Report,1,
食品及其相關產品回收銷毀處理辦法,Regulations Governing the Recall and Destruction of Food and Related Products,1,
食品安全事故,food safety accidents,1,
輸出施設,exporting establishments,1,
食品輻射照射處理標準,Food Radiation Treatment Standard,1,
食品輻射照射,food radiation exposure,1,
食品加工,food processing,1,
輻射,radiation,1,
豬肉製品,pork products,1,
新鮮,fresh,1,
冷凍,frozen,1,
屠體,carcass,1,
肉,flesh,1,
部位,part,1,
可食用內臟,edible viscera,1,
碎屑,offal,1,
冷凍豬肉,Frozen pork,1,
輸入產品之國家,countries who imported those products,1,
HACCP稽查專案,HACCP inspection program,1,
肉類加工食品業,meat processing plants,1,
生雞蛋原料農場,raw material egg farms,1,TFDA
殘留物測試,residue testing,1,TFDA
法規遵從性,regulatory compliance,1,TFDA
後市場蛋品殘留物監測計畫,annual residue monitoring plan at egg processing establishments,1,TFDA
抽驗對象,sampling targets,1,TFDA
抽驗重量,sample quantities,1,TFDA
檢驗項目,testing parameters,1,TFDA
溯源追蹤,traceability,1,TFDA
肉類、家禽和蛋製品,"meat, poultry, and egg products",1,防檢局
標示要求,labeling requirements,1,防檢局
美國農業部,United States Department of Agriculture,1,防檢局
飼料管理,in-feed administration,1,
違規產品,violative commodities,1,
牛乳或乳製品,milk and milk products,1,
含乳量50%以上產品,products contain more than 50% of the milk composition,1,
動物源原料,primary materials of animal origin,1,
輸入產品性質,Nature of product(s) imported,1,
輸入量,Volume imported,1,
暫停作業,suspend operations,1,2科)、食藥署(食品組1科
停止販賣,cease such sales,1,2科)、食藥署(食品組1科
沒入,confiscated,1,2科)、食藥署(食品組1科
消毒,disinfecting,1,2科)、食藥署(食品組1科
受污染產品,contaminated products,1,2科)、食藥署(食品組1科
微生物監控計畫,microorganism monitoring programs,1,
微生物標準,microbiological standards,1,
CN 碼,CN Code,1,
輸出量（噸）,Export volume in tonnes,1,
饅頭,Steamed Bread,1,
咖啡,Coffee,1,
冰品（冰棒等）,Ice Novelty (Ice Bar etc.),1,
優格果凍,FruGurt (Yogurt style Jelly),1,
禁用藥品/物質之清單,List of banned drugs/substances,1,
致死性及穩定性要求,lethality and stabilization requirements,1,防檢局
加熱肉品食品,Heat Treated Meat Products,1,防檢局
殘留標準,residue criteria,1,防檢署
行政處置,administrative disposition,1,防檢署
官方檢驗任務,official testing tasks,1,TFDA
地方動物防疫機關,local animal disease inspection authorities (LADIA),1,
財團法人中央畜產會,National Animal Industry Foundation (NAIF),1,
輸出證明文件,export proof documents,1,
能力驗證,proficiency testing,1,
實驗室間比較,interlaboratory comparisons,1,
監督評鑑,audit,1,
動物健康控管,animal health controls,1,
對原材料之公共健康控管,public health controls of raw materials,1,
對(半)成品之公共健康控管,public health controls of (semi) final products,1,
控制動物用藥和污染物之殘留之控管,controls on residues of veterinary medicine products and contaminants,1,
產品輸出與輸入,product exports and imports,1,
食品檢驗實驗室,food testing laboratories,1,
化學殘留管制,Chemical Residues Controls,1,農政機關
准用或禁用之動物用藥及農藥,Approved drugs/approved and unapproved chemicals,1,農政機關
禁用物質,Banned substances,1,農政機關
超範圍使用政策及潛在超範圍使用藥物清單,Off label policy and list of potential off label used drugs,1,農政機關
食品加工企業,food processing establishment,1,
核准/授權號碼,approval/authorisation number,1,
室溫下貯存設施,storage facility at ambient temperature,1,
預定輸出至歐盟,intended for export to the EU,1,
真空加工,Vacuum Process,1,
半熟雞蛋,Soft/Hard Boiled Chicken Eggs,1,
半熟鵪鶉蛋,Soft/Hard Boiled Quail Eggs,1,
水煮鵪鶉蛋,Hard Boiled Quail Eggs,1,
計畫主管/機關,programme controller/ authority,1,
動物源性產品,animal products,1,
特色產品,specialty commodity,1,
食源性疾病暴發,Foodborne Disease Outbreaks,1,
重金屬與貝毒之限量標準,Maximum limits for contaminants and toxins,1,
汙染物與天然毒素,Contaminants and natural toxicants,1,
無機砷,Arsenic (inorganic),1,
鎘,Cadmium,1,
鉛,Lead,1,
甲基汞,Methylmercury,1,
苯駢芘,Benzo(a)pyrene,1,
乙啊ซา酸,Azaspiracid,1,
記憶喪失性貝毒,Amnesic shellfish poisons,1,
腹瀉性貝毒,Diarrhetic shellfish poisons,1,
神經毒性貝毒,Neurotoxic shellfish poisons,1,
麻痺性貝毒,Paralytic shellfish poisons,1,
禽肉產品,poultry products,1,TFDA
市場監督抽驗,post-market inspections,1,agencies、health、local
微生物監控計畫,microbiological monitoring program,1,
水產加工食品業者,aquatic product processing plants,1,
地方政府衛生局,Local government Health Bureaus,1,
地區檢查中心,Regional Centers,1,TFDA
邊境查驗點,Border Posts,1,TFDA
空運輸入產品,air transport entry points,1,TFDA
漁船建造許可,fishing vessel construction license,1,漁業署、食品組
漁業證照核發準則,fishery license issuance guidelines,1,漁業署、食品組
查核,food examination and control,1,TFDA
取樣計畫,sampling plans,1,
稽查人員,inspectors,1,
抗菌藥,antibacterial drugs,1,
食安監測系統,food sanitation and safety monitoring system,1,TFDA
食安危害,food safety hazard(s),1,
病原菌監測計畫,pathogen monitoring programme,1,
化學殘留監測計畫,chemical residue monitoring programme,1,
微生物調查,microbiological surveys,1,
食品業者,Food business operators,1,
食安監測計畫,food safety monitoring plan,1,
最大限量,MLs,1,
出口前殘留物檢測,Pre-export testing for residues,1,
申請查驗,Application for inspection,1,
殘留測試,residue testing,1,中區管理中心、防檢署
違規結果,non-compliant results,1,
經營者,operators,1,
捕撈漁獲物種類,Catch species,1,
鮪,Tunas,1,
旗魚,billfishes,1,
鯊魚,sharks,1,
魷魚,squids,1,
秋刀魚,Pacific saury,1,
遠洋漁船,distant water fishing vessels,1,
公噸,metric tons,1,
沿近海漁獲物,coastal catches,1,
鯖魚,mackerel,1,
竹筴魚,Jack mackerel,1,
鬼頭刀,Mahi Mahi,1,
養殖水產品,Aquaculture products,1,
養殖物種,cultured species,1,
石斑魚,grouper,1,
鱸魚,bass (barramundi),1,
吳郭魚,tilapia,1,
虱目魚,milkfish,1,
文蛤,clam,1,
牡蠣,oyster,1,
漁業產量,fishery output,1,
藥理活性物質、農藥和污染物殘留控制計畫,"control plan for residues of pharmacologically active substances, pesticides and contaminants",1,
生體抽樣檢查,sample,1,
不合規結果,non-compliant result,1,
乳品,dairy product,1,
分離生產系統（隔離生產系統）,split system (segregated production system),1,
地方動物疾病檢查機構,LADIAs (Local Animal Disease Inspection Agencies),1,
漁場,fishery farms,1,漁業署
動物用藥,animal drug use,1,漁業署
常務獸醫,standing veterinarian,1,漁業署
獸醫師(佐)處方藥品販賣及使用管理辦法,Regulations for Administration to Prescription Veterinary Drug,1,漁業署
水產養殖業者,aquatic farmers,1,漁業署
水產養殖生產,aquaculture production,1,漁業署
HACCP 制度,HACCP system,1,
食品製造業,food manufacturing industry,1,
檢驗能力,testing capabilities,1,
英國相關規定及標準,UK regulations and standards,1,
緊急應變計畫,Contingency plans,1,
化學殘留,chemical residue,1,
熱處理豬肉,Heat treated pork,1,
食品接觸面,food contact surfaces (FCS),1,
非食品接觸面,non-food contact surfaces (NFCS),1,
後殺菌,post-lethality,1,
熱處理,heat treated,1,
抑菌劑或抑菌的加工處理方法,antimicrobial agent or process (AMAP),1,
我國加熱肉品輸銷美國之生產工廠查核計畫環境取樣程序（草案）,Guidelines on the Procedures for the Sampling Operation Required for Environmental Sampling (Draft),1,
分離之生產系統,segregated production system,1,
原產地國,country of origin,1,
認證證書,accreditation certificates,1,
冷凍食品,frozen foods,1,
冷藏食品,refrigerated foods,1,
品名,product names,1,
規格,specification,1,
使用範圍,use,1,
限量標準,limitation,1,
規格標準,specification standards,1,
TFDA 區管中心,Regional Administration Centers of TFDA,1,
衛生主管機關,health competent authorities,1,
蛋類生產場所,egg production sites,1,
授權／核准蛋類與蛋製品食品廠,authorised/approved establishments producing eggs and egg products,1,
參數,parameters,1,
參考方式,reference methods,1,
直轄市、縣（市）主管機關,municipal or county/city competent authorities,1,
原料蛋,raw material eggs,1,
鹹蛋,salted egg,1,
皮蛋,preserved eggs,1,
液蛋,liquid eggs,1,
微生物,microbes,1,
即食產品,RTE product,1,
即食肉類產品,RTE meat products,1,
李斯特菌單核細胞增生菌,Listeria monocytogenes,1,
不合格樣本,non-compliant sample,1,
淨化,Depuration,1,
病原微生物,pathogenic microorganisms,1,
淨化設施,depuration facilities,1,
收獲區域,harvest areas,1,
汙染水平,levels of contaminants,1,
胚胞產品,germinal products,1,
食品安全控管之等效性評估,equivalence of the food safety control,1,
澳洲貝類品質保證計畫,Australian Shellfish Quality Assurance Program,1,標準局
疾病調查,Illness investigation,1,標準局
監管要求,regulatory requirements,1,標準局
熟鵪鶉蛋,boiled quail eggs,1,
殘留容許限量,residue tolerance limits,1,
衛生福利部食品藥物管理署,TFDA under the Ministry of Health and Welfare (MOHW),1,
賀爾蒙或甲狀腺抑制作用的物質或殘留,Residues of substances having hormonal or thyrostatic action,1,
衛生,sanitary,1,
食品衛生和安全,food hygiene and safety,1,
研究檢驗組,Research and Analysis,1,
風險管理組,Risk Management,1,
養殖水產品,cultured fishery products,1,漁業署
動物用藥停藥期,withdrawal period for animal drugs,1,漁業署
經營者,business operator,1,漁業署
國家漁業和水產養殖基礎設施衛生條例,National Health Regulations of fishing and aquaculture infrastructures,1,
不符合規定,non-compliance,1,
漁船,fishing vessels,1,
養殖場,fish farms,1,
委員會條例No 37/2010,Commission Regulation (EU) No 37/2010,1,
原子塵或放射能污染,nuclear fallout or radioactivity,1,
雞蛋,chicken egg,1,
監測計畫,monitoring plans,1,
出口禽蛋,exporting poultry eggs,1,
國內消費,consumption domestically,1,
市場後階段,post-market stage,1,
市場前階段,pre-market stage,1,
輸美熱處理即食肉類產品衛生安全採樣與分析系統實施指引,Guidelines Governing Implementation of Hygiene and Safety Sampling and Analysis System for Heat-Treated Ready to Eat Meat Products Intended for Export to the United States,1,
測試部分,test portion,1,
富集,enrichment,1,
美國農業部食品安全檢查署,FSIS,1,
財團法人全國認證基金會,TAF,1,
邊境管制站,border control points,1,
處理機構,processing establishments,1,
最大殘留容許量,maximum residue levels (MRLs),1,
動物用藥藥法規,veterinary drugs regulations,1,
後市場檢驗,post-market testing,1,
桿菌肽,bacitracin,1,
黏菌素,colistin,1,
黃磷脂素,flavophospholipol,1,
卡納黴素,kanamycin,1,
北里黴素,kitasamycin,1,
新黴素,neomycin,1,
奇黴素,spectinomycin,1,
泰妙菌素,tiamulin,1,
甲氧苄啶,trimethoprim,1,
丁喹酯,buquinolate,1,
溴氰菊酯,deltamethrin,1,
敵敵畏,dichlorvos,1,
左旋咪唑,levamisole,1,
哌嗪,piperazine,1,
腎上腺皮質酮,prednisolone,1,
獸藥,veterinary medicines,1,
國家主管機關,National Competent Authority (NCA),1,
地方衛生局,regional public health bureaus,1,
官方稽查員,official inspectors,1,
肉類和／或蛋類查核,meat and/or egg inspection,1,
授權／核准程序,procedure for authorisation/approval,1,
獸醫事務組織,veterinary service,1,
可食用魚頭,Edible fish head,1,
可食用部位,Edible parts,1,
可食用腸道,Edible intestines,1,
可食用軟體動物腸道,Edible molluscs intestines,1,
青鱈內臟,Pollack entrails,1,
魚子,Roe,1,
分離系統,segregated production system,1,
國產雞蛋,domestic eggs,1,
地檢部門,LADIAs,1,LADIAs
肉品和蛋品加工廠,meat and egg processing establishments,1,
製造廠,manufacturing plants,1,
食品業者登錄,food businesses registration,1,
農產品,agricultural product,1,
登記貨運資訊,registration of shipment information,1,漁業署
驗證,certification,1,漁業署
溯源資訊,traceable information,1,漁業署
地方動物疾病檢驗機關,local animal disease inspection authorities (LADIAs),1,
LADIAs,LADIAs,1,
EFTA 國家,EFTA states,1,食藥署
衛生監督人員,personnel in charge of sanitary monitoring,1,
追查原料來源,investigating the source of raw material,1,
動物及動物產品輸出,export of animals and animal products,1,
生物安全、隔離、檢疫和出境前檢驗,"Biosecurity, isolation, quarantine and testing pre-departure",1,
獸醫認證,veterinary certification,1,
獸醫主管機關,CA,1,
獸醫藥品,veterinary medicinal products,1,
鮭魚原料,salmonid materials,1,
法律及法規,laws and regulations,1,
食品安全應急計畫,food safety emergency plan,1,
國家允許限量,national tolerance limits,1,
歐盟食品及飼料快速預警系統,EU Rapid Alert System for Food and Feed (RASFF),1,
檢疫證明,quarantine certificate,1,
動物防疫機關,animal disease inspection authorities,1,
官方樣本,official sample,1,TFDA
即食性架售穩定肉類和家禽產品,RTE shelf-stable meat and poultry products,1,防檢局
產志賀毒素大腸桿菌,STEC,1,防檢局
產氣莢膜梭菌,C. perfringens,1,防檢局
肉毒桿菌,C. botulinum,1,防檢局
加熱肉品輸銷美國之生產工廠查核計畫查檢表,Checklist,1,防檢局
食品安全衛生稽核計畫,audit schedules of food safety and sanitation,1,
行政院食品安全會報,Executive Yuan Board of Food Safety,1,
衛生預警通報系統,HEALTH ALERT SYSTEM,1,
產品安全,product safety,1,
駐秘魯台北經濟文化辦事處,Oficina Económica y Cultural de Taipei en el Perú,1,食藥署
食品安全通報系統,food safety notification system,1,BSMI
食品廠場所與設施,Establishment grounds and facilities,1,
食品業者之衛生管理,Hygiene management for the business operators,1,
消毒劑,sanitizers,1,
危害分析重要管制點系統,HACCP System,1,
乳製品設施,dairy establishments,1,
衛生計劃,sanitary programs,1,
基因改造食品標示應遵行事項,Labeling Requirements or Genetically Modified Organisms,1,
疑似食物中毒事件處理要點,Directions of handling suspicious food poisoning incidences,1,
輸出認證計畫,Export Certification Programs,1,
欲外銷至美國熱處理即食肉類產品之衛生安全管理系統驗證實施辦法,Guidelines Governing Implementation of Hygiene and Safety Management System Certification for Heat-treated Ready-To-Eat Meat Products Intended for Export to the U.S.,1,
包裝食品含基因改造食品原料標示應遵行事項,Labelling Requirements for Prepackaged Food Containing Ingredients of Genetically Modified Organisms (GMOs),1,
散裝食品含基因改造食品原料標示應遵行事項,Labelling Requirements for Unpackaged Food Containing Ingredients of Genetically Modified Organisms (GMOs),1,
疑似食物中毒事件處理辦法,Directions of handling suspicious food poisoning incidences,1,
地方政府衛生局,local heath bureaus,1,
官方採樣,Official sampling,1,防檢署
供應商,suppliers,1,防檢署
加工豬肉產品,processed pork products,1,BAPHIQ
危害分析和重要管制點,Hazard Analysis and Critical Control Point (HACCP),1,BAPHIQ
產品類別,product categories,1,BAPHIQ
"加熱-常溫,即食","Heat-treated shelf stable, RTE",1,BAPHIQ
"加熱-非常溫,即食","Heal-treated not shelf-stable, RTE",1,BAPHIQ
乳與乳製品微生物標準,microbiological criteria for milk and dairy products,1,
官方採樣與檢驗計畫,official sampling and testing plan,1,
年度監視計畫,annual surveillance programs,1,
地方衛生機關,local health agencies,1,
保留法規 2017/625,Retained Regulation 2017/625,1,
官方控管（動物、飼料與食品、植物健康等）（修正案）（脫歐）法規 2020/1481,"Official Controls (Animals, Feed and Food, Plant Health etc.) (Amendment) (EU Exit) Regulations 2020/1481",1,
食品輻射,Radiation of foodstuff,1,
離子輻射處理的食品,foods treated with ionizing radiation,1,
食品輻射照射處理標準,Sanitation Standard for Foods treated with ionizing radiation,1,
內陸漁業,In-land fishery,1,漁業署
漁場,Fishery farm,1,漁業署
養殖漁業,farmed fishery,1,漁業署
浮動箱網養殖,Floating fish cage farming,1,漁業署
漁場統計,Statistics of fishery farms,1,漁業署
漁場數量,the number of farms,1,漁業署
產量,Production,1,漁業署
封閉水域中的養殖漁業,Farmed fishery in enclosed bodies of water,1,漁業署
口蹄疫,foot and mouth disease (FMD),1,
禽流感,avian influenza(NAI),1,
冷藏與冷凍肉品,chilly and frozen meat,1,
經熱處理及加工之肉製品,heat-treated and processing meat products,1,
罐裝肉品,canned meat,1,
香腸,sausages,1,
肉丸,meat balls,1,
火腿,ham,1,
肉鬆,floss,1,
完全熟製、常溫保存,"fully cooked, shelf stable",1,
台灣出口與認證制度辨識-台灣主管機關特定指引,Recognition of Taiwan’s Export and certification Systems-Specific Guidance for Competent Authorities of Taiwan,1,
製造商聲明,manufacture’s declarations,1,
政府背書,endorsement by Taiwan’s government,1,
與食品接觸的材料及物品,Materials & Articles (M&A) in contact with Food,1,
食品用洗潔劑,"food utensils, food containers or packaging",1,
水產養殖,Aquaculture,1,
色素,dyes,1,
進出口衛生證書制度,export and import health certification system,1,
水產品,aquaculture products,1,防檢局
輸出蛋製品,exported eggs,1,
食品回收系統,Food recall system,1,
回收觸發機制,triggers for a recall,1,
生長促進用荷爾蒙與β-受體激動劑,hormones and beta-agonists for growth promotion,1,
歐盟理事會指令 96/22/EC 第 11.2 條,Article 11.2 of Council Directive 96/22/EC,1,
輸入食品及相關產品,imported foods and related products,1,
原產國,countries of origin,1,
不合格批次,non-compliant,1,
食品原產地,food origins,1,
輸入食品風險因子管制,control of imported food,1,
邊境食品及相關產品輸入查驗,Border Inspection of Food and Related Products Imported into Taiwan,1,
芪苯,stilbenes,1,
甲狀腺抑制劑,thyrostats,1,
理事會指令 96/22/EC,Council Directive 96/22/EC,1,
藥理活性物質、農藥及污染物殘留控制計畫的法律依據,"legal basis for the control plan for residues of pharmacologically active substances, pesticides and contaminants",1,食藥署
殘留物監測,residue controls,1,食藥署
養蜂場,apiaries,1,食藥署
蜂蜜加工場/廠,honey processing establishments,1,食藥署
歐盟法規 (EU) 2022/2292,Regulation (EU) 2022/2292,1,食藥署
微生物檢測分析方法,methods of analysis for microbiological testing,1,食品藥物管理署
法律和法規,laws and regulations,1,防檢署、食藥署(食品組)
雙殼貝類,bivalve molluscs,1,
雙殼貝類及其產品,bivalve mollusc products,1,
等效性審查,audits of equivalence agreement,1,
驗證安排,certification arrangements,1,
產品抽樣,product sampling,1,三區管理中心、漁業署
檢測結果,testing results,1,三區管理中心、漁業署
風險為基礎的監測計畫,risk-based monitoring program,1,三區管理中心、漁業署
市售食品監測計畫,post-market monitoring program,1,三區管理中心、漁業署
衛生標準,health standards,1,三區管理中心、漁業署
水產養殖魚產品,aquaculture fish products,1,三區管理中心、漁業署
蛋品廠,egg product establishments,1,
蛋鴨場,laying ducks farms,1,
衛生控制主管部門,competent authority for sanitary control,1,
目標取樣,Targeted sampling,1,
排定取樣,scheduled sampling,1,
無偏差取樣,non-biased sampling,1,
漁獲衛生,Fish hygiene,1,
農業主管機關,agricultural competent authorities,1,
畜禽與水產養殖場,"livestock, poultry and aquatic farms",1,
約聘員工,contracted employees,1,
衛生管制主管機關,competent authority for sanitary control,1,
PMDS系統,PMDS system,1,
食品安全衛生管理法施行細則,Enforcement Rules of the Food Safety and Sanitation Management Act,1,
食品良好衛生規範準則,Good Manufacturing Practice (GMP) for Food,1,
食品安全管制系統準則,Food Safety Control System Guidelines,1,
水產加工食品業,Aquatic Processed Food Industry,1,
食品業者登錄辦法,Regulations for Registration of Food Business,1,
食品及其相關產品追溯追蹤系統管理辦法,Regulations for the Management of Food and Related Product Traceability System,1,
一般食品衛生標準,General Food Hygiene Standards,1,
食品中污染物質及毒素衛生標準,Sanitary Standards for Contaminants and Toxins in Food,1,
食品中微生物衛生標準,Microbiological Standards for Food,1,
動物產品中農藥殘留容許量標準,Standards for Maximum Residue Limits of Pesticides in Animal Products,1,
動物用藥殘留標準,Standards for Residues of Veterinary Drugs,1,
食品中原子塵或放射能污染容許量標準,Standards for Maximum Permissible Levels of Radioactive Contamination in Food,1,
食品含戴奧辛及多氯聯苯處理規範,Regulations for Handling Dioxins and Polychlorinated Biphenyls in Food,1,
食品及其相關產品回收銷毀處理辦法,Regulations for the Recall and Destruction of Food and Related Products,1,
疑似食品中毒事件處理要點,Key Points for Handling Suspected Food Poisoning Incidents,1,
食品添加物,Food Additives,1,
國家生產數據,national production data,1,
第 2011/163/EU 號決定,Decision 2011/163/EU,1,
母雞產蛋量,hen egg production,1,
鴨蛋產蛋量,duck egg production,1,
肉類,meat,1,
HACCP 原則,HACCP principles,1,
追溯機制,mechanism for trace back,1,
受影響商品,affected commodity,1,
肉品安全和品質保證計畫,national meat safety and quality assurance program,1,
肉品工廠,meat establishments,1,
食品從業人員,food handlers,1,
品質保證管理系統,quality assurance management system,1,
產品追溯追蹤系統,product traceability system,1,
產品回收制度,product recall system,1,
官方健康標示,official health mark,1,
食品安全管理,Food safety management,1,
食品良好衛生規範準則,Good Hygienic Practice (GHP),1,
HACCP系統,HACCP system,1,
產品下架,withdrawing from the market,1,
品名,product name,1,
內容物名稱,name of the ingredients,1,
食品添加物名稱,name of food additives,1,
原產地,country of origin,1,
組合肉製品,reconstituted meat products,1,
酸化罐頭食品,acidified canned food,1,
罐頭食品製造商不符合良好衛生規範殺菌相關要求處理原則,Principles for Handling Non-compliance with GHP Sterilization-related Requirements by Canned Food Manufacturers,1,
食品良好衛生規範管理辦法,Regulations on Good Hygiene Practice for Food,1,
食品安全管理系統查驗及管理辦法,Regulations on Food Safety Control System,1,
產品召回程序,procedures for product recall,1,
直轄市、縣(市)主管機關,Local competent authorities of municipal or county (city) governments,1,
回收等級,class and level of the recall,1,
食品及食品相關產品輸入查驗辦法,Regulations of Inspection of Imported Foods and Related Products,1,
藥品殘留限量標準,Standards for veterinary drug residue limits in foods,1,
獸藥殘留限量,veterinary drug residue limits,1,
產乳牧場,Milk production holdings,1,
臺灣畜牧處,Department of Animal Industry in Taiwan,1,
管理衛生人員,sanitation managers,1,
獸醫權責機關,official veterinary authority,1,防檢局
生豬屠宰場,pig slaughterhouses,1,
切割廠,cutting plants,1,
主要品種,main species,1,國貿署
HS code 6碼,6-digit HS code,1,國貿署
獸醫事務組織,veterinary services,1,
不符合情形,non-compliance,1,
衛生安全規定,food safety regulations,1,
溫度控制,temperature control,1,
國家對動物源產品中授權之藥理活性物質、農藥和環境污染物的殘留限量（容許量）,"national residue limits (tolerances) for authorised pharmacologically active substances, pesticides and environmental contaminants in edible animal tissues",1,
最大殘留容許限量,Maximum Residue Limits (MRLs),1,
最大容許限量/數值,Maximum Limits/Levels (MLs),1,
藥理活性物質（獸用藥品）,pharmacologically active substances (veterinary medicines),1,
非目標物種中的抗球蟲藥殘留,coccidiostat residues in non-target species,1,
氣調包裝,Modified Atmosphere Packaging (MAP),1,
真空包裝即食食品,vacuum packaged ready-to-eat food,1,
聯邦法規第9章,Title 9 of the Code of Federal Regulations (9 CFR),1,
冷凍食品,Frozen foods,1,
美國農業部,USDA,1,
畜肉產品檢驗系統,meat inspection system,1,
市售真空包裝食品標示,Regulations Governing the Labeling of Vacuum-packed Foods on the Market,1,
即食食品,ready-to-eat,1,
生鮮農畜禽水產品,"fresh fruit and vegetables, livestock and aquatic products",1,
生肉,raw meat,1,
糾正和預防措施,correctives and preventatives actions,1,
中央主管機關,central authority,1,防檢署
最大殘留容許限量,Maximum residue limit (MRL),1,食藥署(食品組1科)
殘留容許量,residue tolerance,1,食藥署(食品組1科)
生產過程管理,production process management,1,
輸入查核,import inspection,1,
監督,supervision,1,
來源控管,source control management,1,
食品衛生與安全,sanitation and safety of food,1,
地方縣市衛生局,Local County / City Health Bureaus,1,
ISO / IEC 17025認證狀態,ISO/IEC 17025 accreditation status,1,
衛生福利部食品藥物管理署,"Food and Drug Administration, Ministry of Health and welfare, Republic of China",1,
重金屬,Heavy Metals,1,
畜禽類可食性內臟中重金屬檢驗方法-鉛及鎘之檢驗,Method of Test for Heavy Metals in Edible Offal of Livestock and Poultry - Test of Lead and Cadmium,1,
食品微生物之檢驗方法－沙門氏桿菌之檢驗,Methods of Test for Food Microorganisms - Test of Salmonella,1,
動物用藥管制,control of veterinary drugs,1,防檢署、食藥署(食品組1科)
農藥殘留,pesticides residue,1,防檢署、食藥署(食品組1科)
Commission Implementing Regulation (EU) 2021/808,Commission Implementing Regulation (EU) 2021/808,1,中央畜產會
Commission Regulation (EC) No 333/2007,Commission Regulation (EC) No 333/2007,1,中央畜產會
Commission Regulation (EC) No 401/2006,Commission Regulation (EC) No 401/2006,1,中央畜產會
Commission Regulation (EU) 2017/644,Commission Regulation (EU) 2017/644,1,中央畜產會
Codex Alimentarius guidelines,Codex Alimentarius guidelines,1,中央畜產會
檢驗樣品,test samples,1,
標準作業程序,SOPs,1,
檢體收受、儲存及處理,"receipt, storage, and handing of testing samples",1,
實地稽查,on-site audit,1,
供人食用,intended for human consumption,1,
輸出認證,Export Certification,1,
核證人員,certifying officers,1,
輸出區,export facilities,1,
輸出認證,export certificates,1,
微生物衛生標準,microbial limits,1,
食品安全衛生管理系統,food safety management system,1,
衛生主管機關,Health authorities,1,
現場查核,on-site inspections,1,
組織滴蟲藥,histomonostats,1,防檢署
抗寄生蟲藥,parasites,1,防檢署
獸藥,veterinary drug,1,防檢署
肉雞,broiler chickens,1,防檢署
不合格肉類產品,non compliant meat products,1,
經濟貿易辦事處,economic and trade office,1,
不合格產品,non-compliant products,1,
新產品,new commodities,1,
公共衛生（衛生）,public health (hygiene),1,
兔子及家養野味,Rabbits and farmed game,1,
能力測試計畫,proficiency testing programmes,1,
微生物學,microbiology,1,
上市後檢驗,post-market testing,1,
能力測試,Proficiency Test (PT),1,
食品檢驗效能評鑑計畫,Food Examination Performance Assessment Scheme (FEPAS),1,
食品微生物檢驗,Test for Food Microorganisms,1,
沙拉,salad,1,
軟起司,soft cheese,1,
液態蛋,liquid egg,1,
雞肉,chicken,1,
研磨辣椒,ground peppers,1,
加熱肉品,Heat-treated Meat Products,1,
衛生安全取樣分析作業指南,Guidelines Governing Implementation of Hygiene and Safety Sampling and Analysis System,1,
促進生長,growth promotion,1,
微生物檢測,test for microorganisms,1,食藥署(食品組)
食品用洗潔劑衛生標準,Sanitation Standard for Food Cleansers,1,
生鮮即食食品,fresh ready-to-eat foods,1,
生食用蔬果,fruits and vegetables to be eaten raw,1,
生食用水產品,aquatic products to be eaten raw,1,
公共健康,public health,1,
國家殘留物監控計畫,national residue monitoring programme,1,
動物用藥及含藥飼料使用,use of veterinary medicines and medicated feedstuffs,1,
輸出,exports,1,
輸入,imports,1,
衛生食品藥物管理署,"TFDA, MOHW",1,
食品安全與衛生管理,management of food sanitation and safety,1,MOHW、TFDA
最大動物源原料殘留量,maximum residue levels (MRLs) in raw materials of animal origin,1,TFDA、研究室
優良製造規範,Good Manufacturing Practice,1,Division、Management、Risk、of
分切,dressing,1,
重要管制點,critical control point,1,
檢驗方法,test methods,1,食藥署
檢驗範圍,test scope,1,食藥署
食品檢驗機構認證證明書,Ministry of Health Welfare Accreditation Certificate in Food Testing Institution,1,食藥署
動物用藥殘留,Veterinary Drug Residue,1,食藥署
動物健康及獸醫公共健康機關,animal health and veterinary public health organisations,1,
動物健康主管機關,national organization identified with responsibility for animal health,1,
查核、檢驗、稽查,"examination, testing, effective monitoring and inspection",1,
食品安全風險評估及管理措施,food safety risk assessment and management measures,1,
健康證明,health attestations,1,
範例證書,model certificate,1,
認證人員,certifying officers,1,
肉品衞生標準,meat hygiene standards,1,
一般食品衛生標準,Sanitary Standard for General Foods,1,
肉品工廠,meat processing plant,1,食藥署
HACCP稽查專案計畫,HACCP inspection program,1,食藥署
高風險廠商,high-risk manufacturers,1,食藥署
違規,non-compliances,1,食藥署
不合規樣本,non-compliant sample,1,
預防控制計畫,Preventive control plans,1,
業者,Operators,1,
衛生風險,hygiene risks,1,
監控和驗證活動,monitoring and verification activities,1,
食品製造製程,food manufacturing process,1,
食品從業人員,food practitioner,1,
品質管理,quality management,1,
非即食食品,Non Ready-To-Eat,1,
查核與檢驗計畫,Examination and Testing Projects,1,
衛生主管機構,health competent authorities,1,
全國化學殘留物監測計劃,National Chemical Residue Sampling plan,1,
英國標準,GB standards,1,
動物用藥,residues of veterinary medicines,1,
食品化學能力測試,Food Chemistry Proficiency Test,1,
牛奶中的戴奧辛和多氯聯苯,Dioxins and PCBs in Milk,1,
英國認證服務,United Kingdom Accreditation Service (UKAS),1,
實驗室品質管制,laboratory quality control,1,
自檢,own-check,1,
第三方驗證機構,third party certification bodies,1,
驗證機構,certification body (CB),1,
食品添加物業者,food additive industries,1,
國家型動物用藥殘留監測計畫,national monitoring plan on layer farms for veterinary drug residues,1,APHIA
獸藥殘留監測計畫,veterinary drug residue monitoring plan,1,APHIA
歐盟法規,EU regulation,1,APHIA
輸銷歐盟管理作業規範,Direction on Exporting Food Products to the European Union Countries,1,TFDA
追溯,trace back,1,TFDA
HACCP（或等效國際標準）計畫,HACCP (or equivalent international standard) Program,1,
肉類安全和品質保證,meat safety and quality assurance,1,
中央主管機關,NCA (central competent authority),1,
肉製品加工業者之食品安全管制系統,HACCP for processing meat processing industries,1,
年度食品安全管制系統檢查計畫,annual HACCP inspection program,1,
食品相關衛生規定,food-related hygiene regulation,1,
單一實驗室分析方法驗證的協調準則,Harmonized guidelines for single laboratory validation of methods of analysis,1,
檢驗方法之確效,method validation,1,
畜產會,NAIF laboratory,1,畜產會
生物製劑,biological agents,1,
化學製劑,chemicals,1,
殺蟲劑,pesticides,1,
放射性核素,radionuclides,1,
金屬,metals,1,
試驗室檢測效能,Testing capabilities of the laboratories,1,
驗證基準,certification criteria,1,標準局
食品工業研究所,Food Industry Research and Development Institute (FIRDI),1,標準局
稽核,audit,1,標準局
防檢局,APHIA,1,防檢局
檢驗登記,testing and registration,1,防檢局
委員會規範 96/23/EC 第 7 條之 1,Article 7 indent 1 of Council Directive 96/23/EC,1,
衛生或植物檢疫,sanitary or phytosanitary,1,
進口食品,imported products,1,
邊境,border inspection,1,
不定期稽核,irregular audits,1,
法律和法規,laws and regulation,1,
監督／監測程序,supervision/monitor procedures,1,
產品輸出證明,certificates of exporting products,1,
官方認證實驗室,official certified laboratories,1,食品藥物管理署
摻偽、假冒,adulteration and counterfeiting,1,食品藥物管理署
抽批查核,randomly-selected batch inspections,1,
報驗義務人,inspection applicant,1,
動物用藥品製造業者,veterinary drug manufacturers,1,
輸入業者,importers,1,
直轄市或縣（市）主管機關,municipal competent authority,1,
動物用藥品使用準則,Regulations for Administration to Veterinary Drug,1,
包裝食品,packaged foods,1,
成分標示,indication of the ingredients,1,
過敏原管制計畫,allergen control program,1,
出口衛生證明書,export health certificate,1,北區管理中心、防檢署
動物健康狀態,animal health status,1,北區管理中心、防檢署
乳品,dairy,1,
食品追蹤追溯,Traceability of Food stuff,1,
低酸性罐頭肉品,low acid canned meat,1,
低酸性罐頭食品,low-acid canned food,1,
熱處理,thermal processes,1,
殺菌值,sterilization value,1,
殺菌設備,sterilization equipment,1,
上市後監測計畫,post-market surveillance programs,1,
已報廢之動物,condemned animals,1,
不可食用之材料,inedible material,1,
生產輸銷美國加熱肉品食品工廠監督管理要點,Directions (for producing heat-treated meat products intended to export to the U.S.),1,
查核計畫查檢表,Checklist,1,
衛生監測行動,sanitary monitoring activities,1,食藥署(三區管中心)
不合格情況,non-conformity,1,食藥署(三區管中心)
食品工廠,food facilities,1,食藥署(三區管中心)
不符合法規規定,non-compliance with the regulatory requirements,1,食藥署(三區管中心)
衛生局稽查員,official inspector of the local health bureaus,1,食藥署(三區管中心)
複查,follow-up inspection,1,食藥署(三區管中心)
食品業者,food facilities,1,食藥署(三區管中心)
病媒防治計畫,pest control programmes,1,
病媒防治措施,prevention and control measures against pests,1,
食品查核檢驗管制措施辦法,The Food Inspection Measure Regulation,1,
縣（市）衛生局,Local Health Bureaus,1,
PMDS (產品管理配送系統),PMDS (Product Management Distribution System),1,
縣（市）衛生局,local county/city health bureaus,1,
TFDA (食藥署),TFDA,1,
未上市水產品產地監測計畫,Quality and Hygienic Condition Surveillance of Fisheries Products on Fish Farms and vessels,1,
環保署,Environmental Protect on Administration,1,
自願認證體系,voluntary certification system,1,
水產品加工業者,aquatic product processors,1,食品組
乳品業管制,official controls in the dairy sector,1,
乳品加工廠,processing establishments,1,
食品衛生稽查員訓練,food hygiene inspectors training,1,TFDA
關於食品衛生之歐盟法規,EU legislation on food hygiene,1,FSI
對動物源食品之特定衛生規則,specific hygiene rules for food of animal origin,1,FSI
輸出食品與飼料之衛生和安全管理系統之執行要求,Requirements for implementing hygiene and safety management system of food and feed for export,1,BSMI
標示、食品添加物、包裝和可追溯性之相關歐盟法規,"EU legislation on labelling, food additives, packaging, and traceability",1,FSI
水產養殖場管理技巧,Aquaculture farm management techniques,1,FA
中國輸入與輸出管制相關規則,Regulations relating to import and export controls in China,1,BAPHIQ
申請輸出用衛生證明書相關規則,Regulations relating to applying for issuance of health certificate for exportation,1,BSMI
輸出食品與飼料之衛生與安全管理系統認證之稽查準則,Inspection Criteria for hygiene and safety management system certification of food and feed for Export,1,FSI
魚類加工廠常見稽查缺失,Common deficiencies in relation to inspection of fish processing plants,1,FSI
澳洲乳品,Australian dairy,1,TFDA
日本肉類,Japanese meat,1,TFDA
歐洲水產品,European aquatic products,1,TFDA
俄羅斯水產品,Russian aquatic products,1,TFDA
美國肉類,American meat,1,TFDA
肉品廠,Meat plant,1,TFDA
乳品廠,Dairy plant,1,TFDA
水產品廠,Aquatic products plant,1,TFDA
農地,Farmland,1,TFDA
肉類處理,Meat operation,1,TFDA
美國動植物防疫檢疫署（APHIS）：食品安全檢驗與動植物防疫措施協定,Animal and Plant Health Inspection Service (APHIS): Agreement on the Application of Sanitary and Phytosanitary Measures,1,TRPMA
美國乳品,American dairy,1,TFDA
專一性,specificity,1,
線性,linearity,1,
準確度,accuracy,1,
精密度,precision,1,
重複性,repeatability,1,
中間精密度,intermediate precision,1,
再現性,reproducibility,1,
採樣稽查計畫,collection inspection,1,
肉類和肉製品,meat and meat product,1,
輸入食品及相關產品符合免申請輸入查驗之條件與其適用之通關代碼,Importation of Products That Are Not Intended for Sale and Whose Value and Quantity Are Consistent with the Public Announcement of the Central Competent Authority May Be Exempt from Applying for Inspection,1,
免申請輸入查驗,exempted from application for inspection,1,
產品管理配送系統,PMDS (Product Management Distribution System),1,
食品殘留動物用藥含量,foods with veterinary drugs residue,1,
動物用藥殘留,residue of veterinary drug,1,
微生物檢驗,microorganisms test,1,
不合格結果,non-compliant result,1,
採樣日期,Date of sampling,1,
分析結果可用日期,Date of availability of the analytical results,1,
檢測出的殘留物質,The residue identified,1,
測得的濃度,The concentration measured,1,
使用的分析方法,The analytical method used,1,
不合格的原因,The reason for the non-compliance,1,
動物用藥殘留量檢驗方法-抗生素及其代謝物多重殘留分析,Method of Test for Veterinary Drug Residues in Food-Multiresidue Analysis of Antibiotics and its Metabolite,1,
後續調查,follow-up investigation,1,
殘留監測計畫,residue monitoring programmes,1,
牡蠣,Oyster,1,
文蛤,Clam,1,
臺灣蜆,Freshwater Clam,1,
進口量,import volume,1,
進口重量,Imported Weight,1,
HS code,HS code,1,
食品輸入管理,Food Import Control,1,
市售食品,post-market,1,食藥署
不合格率,non-compliance results,1,食藥署
雙枚貝類處理商,Bivalve mollusc handlers,1,
衛生核可程序,health authorization procedure,1,
食品廠,food establishment,1,TFDA
屠宰場設施標準,Establishment Standards for Slaughterhouse,1,
肉品檢驗法規,Regulations for Meat Inspection,1,
屠宰作業法規,Regulations for Slaughter Operation,1,
食品業者廠房登記,factory registration of food businesses,1,
食品廠建設與設備標準,The Establishment Standards of Construction and Equipment of a Food Factory,1,
肉類加工食品,meat processed foods,1,
食品業登記,food business registration,1,
食品廠標準,establishment standard,1,
衛生證書,Sanitary Certificate,1,
原產地證書,Certificates of Origin,1,
輸入管理,Import controls,1,
幼體產品,germinal products,1,
檢疫要求,quarantine requirements,1,
食品之來源管理,source management of food products,1,
台灣認可基金會,Taiwan Accreditation Foundation (TAF),1,
殘留物監測計畫,residue control plans,1,
規則 (EC) No 882/2004,Regulation (EC) No 882/2004,1,
最大殘留限量,Maximum Residue Limit (MRL),1,食藥署
衛福部,MOHW,1,食藥署
檢測,detected,1,食藥署
蛋類加工廠,egg processing establishments,1,
輸出證明,export certificate,1,
肉製品、乳製品和蛋製品指示,"Directions on the meat, dairy and egg products exported to the European Union",1,
熱加工肉製品,heat processed meat products,1,
生物安全計畫,Biosecurity Programme,1,食藥署
加工（熱）處理肉製品,processed (heat-treated) meat products,1,食藥署
自評表,self-checklist,1,食藥署
加工流程圖,manufacturing flow chart,1,食藥署
動物源食品,animal-derived foods,1,食藥署
紐西蘭相關規範,New Zealand regulations,1,食藥署
風險為基礎之檢查、監督和管控制模式指引,"Risk-based Inspection, Surveillance, and Control Model Guide",1,
良好生產規範,GMP,1,
註冊/審核,registration/audit,1,
實驗室檢驗項目,laboratory test items,1,
微生物監測計畫,monitoring program for microorganisms,1,食藥署(食品組)
企業經營者,business operators,1,食藥署(食品組)
國際標準,international criteria,1,食藥署(食品組)
檢驗機關（構）,testing agency (institution),1,食藥署(食品組)
微生物檢驗場所,microbiological inspection sites,1,食藥署(食品組)
輸入統計,import statistics,1,TFDA
邊境查核結果,results of border inspection,1,TFDA
輸入產品,imported products,1,TFDA
食物衛生,food sanitation,1,
來源蛋雞場採樣監測分離系統,sampling on layer farm in a segregated system,1,
出口外銷歐盟,export to EU,1,
歐盟最大殘留限量,EU MLs,1,
可食用組織,edible tissues,1,
食品安全與品質,safety and quality,1,
陽性和陰性檢驗對照,Positive and negative assay controls,1,TFDA
可追溯性,Traceability,1,TFDA
能力測試,proficiency testing,1,TFDA
國家標準,local standards,1,
獸藥殘留限量,veterinary drug MRLs,1,
食品衛生安全營養諮詢委員會,"Food Sanitation, Safety and Nutrition Advisory Committee",1,
中央主管機關,Competent Authority,1,
查驗／查核,inspection / examination,1,
蛋類和蛋製品業,egg and egg products sector,1,
鄰-二氯苯,ortho-Dichlorbenzene,1,防檢局
乙型受體素,beta-agonist,1,防檢局
進輸出控制,import and export controls,1,
發證,certification,1,
官方殘留物監測計畫,official residue testing,1,
ISO/IEC 17025 認證實驗室,ISO/IEC 17025 accredited laboratories,1,
財團法人中央畜產會,National Animal Industry Foundation,1,
國立成功大學環境微量毒物研究中心,Research Center of Environmental Trace Toxic Substances of National Cheng Kung University,1,
藥物殘留,pharmacologically active substances,1,
乙型受體素,Beta-agonist,1,防檢署
禁用農藥,prohibited agro-pesticides,1,防檢署
加熱肉品食品工廠,Food Factories Producing Heat-Treated Meat,1,
環境取樣指南,Guidelines on the Procedures for the Sampling Operation Required for Environmental Sampling,1,
樣品處理,sample handling,1,
B2組球蟲藥,Group B2 coccidiostats,1,防檢署
NRP 規劃,NRP planning,1,防檢署、食藥署(中區管理中心)
動物來源食品中藥物殘留監測計畫,chemical residue monitoring program for food from animal origin in post-market,1,防檢署、食藥署(中區管理中心)
動物用藥殘留監測計畫,national residue monitoring program,1,防檢署、食藥署(中區管理中心)
風險概況,risk profiles,1,防檢署、食藥署(中區管理中心)
中央權責機關,competent authority,1,
後市場檢驗,post-market surveillance,1,
官方分析方法,official testing methods,1,
微生物及化學檢驗,microbiological and chemical testing,1,
NRP計畫,NRP planning,1,
樣品採集地點,sample collection site,1,
樣品尺寸,sample size,1,
採樣,sample collection,1,
後市場動物用藥殘留監測計畫,post-market national residue monitoring program,1,
蛋品殘留物監測計畫,egg post-market residue monitoring plan,1,
Tilmicosin,Tilmicosin,1,
不合格檢體,non-compliant sample,1,
下架並銷毀,withdrawn from market and then destroyed,1,
畜牧場業者,animal farmer of poultry,1,
歐盟標準及規定,EU standards and regulations,1,
食品衛生培訓,food sanitation trainings,1,TFDA
食品安全衛生規範準則,Regulations on Good Hygiene Practice for Food,1,TFDA
食品追溯追蹤管理辦法,food traceability,1,TFDA
檢驗登記,registration and license,1,防檢局
低酸性罐頭肉製品,low acid canned meat products,1,
平衡酸鹼值,equilibrium pH,1,
水活性,water activity (aw),1,
密封容器,hermetically-sealed container,1,
商業滅菌,commercial sterility,1,
ISO/IEC 17025認證,accredited to ISO/IEC 17025 standard,1,
台灣檢驗技術基金會,Taiwan Accreditation Foundation (TAF),1,
衛福部,Ministry of Health and Welfare (MOH),1,
測試範圍,testing scopes,1,
實驗室方法,laboratory methods,1,
船隻種類,Type of work,1,漁業署
拖網,Trawl,1,漁業署
刺網,Gill net,1,漁業署
誘捕,Trap,1,漁業署
延繩釣,Longline,1,漁業署
註冊船隻數量,The number of registered vessels,1,漁業署
歐盟2022/2292規章,Commission Delegated Regulation (EU) 2022/2292,1,
歐盟成員國,Member States of European Union,1,
歐盟2021/405附錄,Annex to Implementing Regulation (EU) 2021/405,1,
三級品管制度,Three-Tier quality control system,1,
肉類食品廠,meat establishments,1,
食品聯合查驗計畫,joint inspection program for food products,1,
歐盟計畫,EU plan,1,
家禽蛋品,poultry eggs,1,
食品安全一般原則與規範,general principles and requirements of food safety,1,
檢驗,inspection,1,
抽樣及分析,Sampling and analysis,1,
驗證系統,verification systems,1,
原材料,Raw materials,1,
成分,ingredients,1,
食品,foodstuffs,1,
半成品,Semi-finished products,1,
認證標誌,certification marks,1,
標註完整性,Labeling integrity,1,
輸出食品,Exporting foods,1,
獸醫藥物殘留,veterinary medicine residue,1,
市售乳品,post-market sampling and testing program,1,
高風險食品項目,high risk food items,1,
動物產品衛生管理,sanitation control of animal products,1,防檢署、食藥署
食品安全規定,Food safety provisions,1,
食源性疾病爆發,food borne disease outbreaks,1,
生物性、化學性、物理性危害,"hazards (biological, chemical, physical)",1,
肉毒桿菌,botulism,1,
化學毒物中毒,chemical poison,1,
屠體屠宰前後查核,ante and post mortem inspections,1,
官方殘留物監測計畫,official residue monitoring plan,1,
動物用藥殘留,pharmacologically active substances,1,
食品廠設計圖,Layout plan of each establishment,1,
產品加工流程,process flow of each product,1,
時間與溫度處理,time-temperature treatment,1,
肉品檢驗系統,meat inspection systems,1,
加拿大食品安全法規,Safe Food for Canadians Act and Regulations,1,
動物健康法規,Health of Animals Act and Regulations,1,
食品藥物法規,Food and Drug Act and Regulations,1,
化學殘留監測,chemical residue monitoring,1,
微生物監測,microbiological monitoring,1,
肉製品出口認證程序,certification process for the export of the meat products,1,
寵物食品系統,pet food system,1,
食品安全系統,food safety system,1,
建立場所,Establishment,1,
市場監測,Market-Surveillance,1,
業者,Food business operators,1,
流行病學,epidemiology,1,
進輸出,"import, export",1,
飼料監測,surveillance feeds,1,
非供食用肉類產品,Inedible meat products,1,
認可的實驗室,accredited laboratories,1,
氟苯並嘧唑氨基甲酸,Flubendazole,1,
戴奧辛化合物,dioxin compounds,1,
單一殘留物監測計畫,single residue monitoring program,1,
戴奧辛含量總和,Sum of dioxins (WHO-PCDD/F-TEQ),1,
戴奧辛與戴奧辛類多氯聯苯含量總和,Sum of dioxins and dioxin-like PCBs (WHO-PCDD/F-PCB-TEQ),1,
六項指標性非戴奧辛類多氯聯苯含量總和,"Sum of non dioxin-like PCBs is of PCB28, PCB52, PCB101, PCB138, PCB153 and PCB180 (ICES-6)",1,
即食食品,ready-to-eat (RTE) food products,1,食藥署
加工廠,processing establishment,1,食藥署
採樣計畫,Sampling plans,1,食藥署
微生物限量,microbiological criteria,1,食藥署
即食肉製品,ready-to-eat meat commodities,1,食藥署
指令 96/22/EC,Directive 96/22/EC,1,
國家殘留監測計劃,national residues monitoring plan,1,
獸用藥物許可,authorization of veterinary drugs,1,APHIA
獸用藥物管理法,Veterinary Drugs Control Act,1,
輸出託運品,export consignments,1,
輸出證明書,export certificate,1,
產品說明,product description,1,
通用名稱,common name,1,
殘留物監測計畫,residue control program,1,
動物用藥與農藥最大殘留物容許量,veterinary drug and pesticide residue limits,1,
重金屬殘留,heavy metal residue,1,
黃麴毒素 M1,aflatoxin M1,1,
鮮乳,fresh milk,1,
鮭魚商品,salmonid commodities,1,
TFDA 之區域管理中心,Regional Centers of TFDA,1,
合規性報告,compliance reporting,1,
捕獲數量,Amount of catch,1,漁業署
青鱈屬,Pollack,1,漁業署
美露鱈,Tooth fish,1,漁業署
鯖科,Tuna,1,漁業署
鱈魚,Cod,1,漁業署
秋刀魚,Saury,1,漁業署
魷魚,Squid,1,漁業署
鯊魚,Sharks,1,漁業署
輸出大宗魚種,major fish species exported,1,漁業署
後市場殘留監測計畫,post-market residue monitoring plan,1,
家禽、家畜水產養殖產品,"poultry, livestock aquiculture products",1,
產品通路管理資訊系統,PMDS (Product Management Distribution System),1,
中央或地方主管機關,central or local competent authority,1,
殘留物監測計畫,control plan for residues,1,
獸用藥品,veterinary drugs,1,Agency、Animal、Health、Inspection、Plant、and
衛生,sanitation,1,
水產養殖業國內水產養殖漁產品,Fishery product materials from domestic aquaculture,1,
養殖場供應漁產品出口歐盟之註冊管理辦法,Directions governing registration of aquaculture farms supplying fishery products to processing plants intended for export to EU,1,
進口水產養殖原料,raw materials from importing aquaculture,1,
主管機關,LAUs,1,BSMI
衛福部食品藥物管理署,TFDA,1,
出口歐盟水產品官方管制行動方案,Action Program for the Official Controls of Fish and Fishery Products Intended for Export to the European Union,1,
動物和公共衛生要求,animal and public health requirements,1,
官方認證系統,official certification system,1,
國家微生物計畫,National Microbiological Program,1,
生產用動物,food producing animals,1,
蛋鴨,laying ducks,1,
口服,oral,1,
檢測物質清單,list of substances to be detected,1,
檢測基質,matrices to be tested,1,
篩選與確認方法,screening and confirmatory methods,1,
行動水準,action levels,1,
國家容許限量,national tolerances,1,
歐盟理事會指令 96/23/EC,Council Directive 96/23/EC,1,
殘留禁止,residue prohibited,1,
拉斯洛考 (Lasalocid),Lasalocid,1,
歐盟最大限量,EU maximum limits,1,
食品加工廠,food producing establishments,1,
蛋類與蛋製品加工廠,egg and egg products factories,1,
殘留物監測計畫,monitoring,1,防檢署
採樣與檢測,sampling and testing,1,防檢署
不符合規定的樣本,non-compliant samples,1,防檢署
甲狀腺抗進藥,thyrostats,1,
國家法律依據,national legal basis,1,
肉類／肉類產品,meat/meat products,1,
低溫食品,low-temperature foods,1,
農產品/商品,commodities,1,
殘留計畫,Residue Plan,1,TFDA
動物與動物產品,animal and animal products,1,
動物性油製品,animal oil products,1,
鹿慢性消耗病,"Chronic wasting disease, CWD",1,
Dichlorvos,Dichlorvos,1,防檢署
動物用藥品檢測,veterinary drug residue testing,1,防檢署
官方稽查員,official food inspectors,1,
食品加工廠,food establishments,1,
市場監控,post-marketing surveillance,1,
食品藥物管理署,The TFDA,1,TFDA、The
食品安全檢查署針對小型和超小型工廠生產之即食與非即食熱處理肉類和家禽產品之穩定性（冷卻和保溫）合規指南,FSIS Compliance Guideline for Stabilization (Cooling and Hot-Holding) of Fully and Partially Heat-Treated RTE and NRTE Meat and Poultry Products Produced by Small and Very Small Establishments,1,
修正之2017年6月合規指南附錄B,Revised Appendix B June 2017 Compliance Guideline,1,
取樣結果,sampling results,1,
人體食用,human consumption,1,
監管措施,regulatory controls,1,
食品衛生與安全領域,field of food sanitation and safety,1,TFDA
實驗室檢測人員資格,qualification for laboratory testing staff,1,研檢組
食品,food science,1,研檢組
WTO,WTO,1,
衛生或植物檢疫,sanitary or phytosanitary measures,1,
個別關稅領域,Separate Customs Territory,1,
可食用腸衣,edible casings,1,
微生物控制干預,microbial control intervention,1,
不符規定,non-compliant,1,
漁政主管機關,fisheries administrative agency,1,
動物用藥品主管機關,central competent authority of veterinary services,1,
食品重金屬,Heavy metals,1,食藥署(監管組)
針對性抽樣,Targeted sampling,1,
雞蛋抽樣,eggs sampling,1,
動物產品中殘留獸藥,residual veterinary drugs in animal products,1,
計畫性抽樣,scheduled sampling,1,
非偏向性抽樣,non-biased sampling,1,
化學殘留監測計劃,chemical residues monitoring plan,1,
風險理由,risk-based rationale,1,
風險管理原則,risk management principle,1,
雞蛋樣本,chicken egg samples,1,
監控計畫,monitoring plans,1,
後市場階段,post-market stage,1,
上市前階段,pre-market stage,1,
測試和校準實驗室能力的一般要求,General requirements for the competence of testing and calibration laboratories,1,北區管理中心、漁業署、監管組
委員會決定2002/657/EC,Commission Decision 2002/657/EC,1,北區管理中心、漁業署、監管組
委員會決定333/2007,333/2007,1,北區管理中心、漁業署、監管組
具有較高安全風險的食品,foods with a higher degree of safety risk,1,
系統性查核,systematic inspections,1,
輸入,importation,1,
鹿來源產品,products of cervidae origin,1,
產品處理或重工,product disposition or rework,1,防檢局
嚴重限量偏差,critical limit deviation,1,防檢局
HACCP計畫,HACCP plan,1,防檢局
管制小組,CCA,1,防檢局
加熱肉品輸銷美國之生產工廠查核計畫查檢表,Checklist... producing heat-treated meat products intended to export to the U.S.,1,防檢局
加工場所,processing facilities,1,
後市場監測計畫,post-market monitor plan,1,
官方檢查員,official inspectors,1,
歐盟法規,Regulation (EU) 2022/2292,1,
未授權物質,unauthorised substances,1,防檢署、食藥署
供人食用食品,food for human consumption,1,防檢署、食藥署
未核可食品添加物,unauthorized food additives,1,防檢署、食藥署
有毒物質,toxic substances,1,防檢署、食藥署
抗生素,drug residues,1,防檢署、食藥署
豬肉及豬肉製品,pork and pork products,1,
屠宰及加工豬編號/代碼及地址之輸出企業,"establishments with approval numbers/ codes and addresses provided, where pigs are slaughtered and processed, intended to export",1,
分切場,Cutting establishments,1,
標籤,Labelling,1,
雙枚貝類及其產品,bivalve mollusc products,1,
食品名稱,name of the food,1,
生產批次,lot identification,1,
產品成分,ingredients,1,
食品藥物安全處,Office of Food and Drug Safety,1,
動物衛生檢疫,animal health inspection,1,防檢署
水生動物疾病診斷中心,aquatic animal disease diagnostic centers,1,
核准第三國清單,approved third country listings,1,
授權／核准號碼,Authorisation/ approval Number,1,
分析能力,analysis ability,1,
禽蛋,poultry eggs,1,
加工廠登記,processing premises registration,1,
公司、商業、工廠之全部或部分登記事項,"items listed in the company registration, business registration or factory registration",1,
動物用藥殘留,Veterinary Drug Residues,1,
氯黴素,Chloramphenicols,1,
確認方法,CONFIRMATORY METHOD,1,
法規依據,Legal basis,1,
蛋品後市場殘留物監測計畫,post-market residue monitoring plan for eggs,1,
食品廠,approved establishments,1,
國家殘留限量,national residue limits,1,
水產廠場,fishery establishments,1,食品組
水產加工食品業應符合食品安全管制系統準則,Seafood Processing Businesses Shall Conform to the Regulations on Food Safety Control System (HACCP),1,食品組
季節性之生產製造,seasonality in production,1,中區管理中心、防檢署
英國,GB,1,中區管理中心、防檢署
李斯特菌管制措施,Listeria control measures,1,防檢局
即食性肉類產品,RTE meat products,1,防檢局
後殺菌處理,post-lethality exposed,1,防檢局
食品安全管制系統計畫,HACCP plans,1,防檢局
衛生標準程序,Sanitation SOPs,1,防檢局
生產輸銷美國加熱肉品食品工廠監督管理要點,Directions for the Supervision and Management of Food Factories Producing Heat-treated Meat Products for Export to the United States,1,防檢局
肉品輸美先期計畫,application for the establishments with relevant documents may submit to apply for exportation of heat-treated meat products to the U.S.,1,防檢局
衛生標準作業流程,Sanitation Standard Operation Procedures (SSOP),1,防檢局
危害分析及重要管制點系統,Hazard Analysis and Critical Control Point (HACCP),1,防檢局
抑菌劑,antimicrobial agent,1,防檢局
公眾衛生,Public Health Services,1,
衛生福利部食品藥物管理署處務規程,"Regulations for Departmental Affairs for the Food and Drug Administration, Ministry of Health and Welfare",1,
檢查運作,operation of inspections,1,
動物衛生管制計畫,animal health control programs,1,
物質殘留監測,residue monitoring,1,
食安相關事務,food safety related affairs,1,
食品加工與貯存,food processing and storage,1,
監管容忍度,regulatory tolerances,1,
持久性有機污染物,halogenated persistent organic pollutants,1,TFDA
國家/區域監視與監測計畫,national/regional surveillance and monitoring programme,1,
後市場動物用藥監測,post-market veterinary drug residue monitoring program,1,
殘留物項目,residues,1,
工廠登記及執照,Registration and licensing of Establishments,1,
肉品分切廠,Meat cutting plants,1,
授權食品廠清單,List of authorised establishments,1,
乳與乳製品輸出之食品廠,establishments authorised/approved for export of milk and dairy establishments,1,
Regulation (EC) No 854/2004,Regulation (EC) No 854/2004,1,
Regulation (EC) No 853/2004,Regulation (EC) No 853/2004,1,
乳或乳製品,milk or dairy products,1,
乳品加工,dairy processing,1,
加工廠,Processing establishment,1,
食品安全標準,Food Safety Standards,1,
品質保障管理系統,quality assurance management system,1,
中央主管機關,NCA,1,
管理動物用藥之法規,Legislation governing the use of veterinary drugs,1,
有毒物質監測,surveillance of toxic substances,1,
微生物污染,microorganism-contamination,1,
風險產品查核,risk-based product inspections,1,
食品鏈,Food Chain,1,
受特殊衛生管制食品,Food subject to Special Sanitary Control,1,
進口衛生評估,Import Sanitation Assessment,1,
動物健康緊急事件資金,animal health emergency funding,1,
地方衛生局,local health authorities,1,
食品相關檢驗方法,"testing, researching and evaluation for food",1,
TFDA認證實驗室,TFDA laboratory accreditation,1,
供應鏈,supply chain,1,
原材料來源資訊,raw material information,1,
產品資訊,product information,1,
產品流向資訊,product flow information,1,
過敏原管制計畫,Allergen Control Program,1,
加拿大優先過敏原,Canadian priority allergens,1,
原材料,materials raw,1,
食品安全衛生管理法,food safety act,1,
即食與非即食熱處理肉類和家禽產品,RTE and NRTE Meat and Poultry Products,1,防檢局
我國加熱肉品輸銷美國之生產工廠查核計畫查檢表,Checklist,1,防檢局
停藥期,drug withholding period,1,食品組5科
冷藏豬肉,pork,1,食藥署
藥物殘留監測計畫,residue monitoring program,1,食藥署
禽畜水產品,"poultry, livestock and aquatic products",1,食藥署
風險分析,risk-based assessment,1,食藥署
乙型受體素,&beta;- agonists,1,食藥署
&beta;-內醯胺類,&beta;-lactam,1,食藥署
機械分離肉,Mechanically Separated Meat (MSM),1,
細碎肉,Finely Textured Meat (FTM),1,
豬肉辨識系統,pig-identification syetem,1,
追溯追蹤,traceability system,1,
加工豬肉,processed one,1,
製程管理,process management,1,
產品,products,1,
物種,species,1,
學名,scientific,1,
加熱肉品輸銷美國之生產工廠查核計畫查檢表,"Checklist, including the procedure and method of inspection, verification, monitoring, sampling in the establishments as producing heat-treated meat products intended to export to the U.S.",1,防檢局
病原微生物,Pathogenic microorganisms,1,防檢局
植物健康,Plant health,1,
食藥安全守護者,food and medical product safety guardian,1,
檢測、檢驗、有效監測以及調查,"examination, testing, effective monitoring and inspection",1,
採樣及檢驗計畫,sampling and testing,1,
市場上產品監控,post-marketing surveillance of food products,1,
回收及銷毀,recalled or destroyed,1,
行政院食品安全小組,Food Safety Board under Executive Yuan,1,
食品安全危機評估及管理方案,food safety risk assessment and management measures,1,
農業委員會,COA,1,
環境保護署,Environmental Protection Administration (EPA),1,
農產品生產,agricultural production,1,
農業、牲畜及水產品安全管理組,"Agricultural, livestock and fishery products safety management working groups",1,
食品安全評估組,Food safety assessment working groups,1,
食品製造、加工、調配、包裝、運送、貯存、販賣、輸入、輸出,"manufacture, processing, preparation, packaging, transportation, storage, sale, import or export of foods",1,
微生物確認測試計畫,microbiological verification testing programs,1,BAPHIQ及TFDA
輸美國產品,products intended for export to the United States,1,BAPHIQ及TFDA
簽約實驗室,contracted laboratory,1,BAPHIQ及TFDA
採樣檢體檢驗,analysis of samples collected,1,BAPHIQ及TFDA
驗證完整性,Certification integrity,1,
水產品加工廠,seafood processing plants,1,標準局
衛生證書,Health Certificates,1,標準局
核發外銷水產品特約檢驗證書作業要點,Directions Governing Issuance of Contracted Inspection Certificate for Fishery Products,1,標準局
外銷水產品查核取樣及檢驗結果核判作業指導說明書,Sampling and Analytical Instruction of Fishery Products Intended for Export,1,標準局
雙枚貝類加工產品,bivalve molluscs processed products,1,標準局
重要管制點,CCPs,1,標準局
衛生安全管理,hygiene and safety management,1,標準局
熟肉製品,cooked meat products,1,
新穎食物,Novel Foods,1,
基因改造食物,GMO,1,
非傳統性食品原料申請作業指引,Guidance on Application for Non-traditional Food Ingredients,1,
非傳統性食品原料,non-traditional food ingredients,1,
新穎之食品加工製程,novel food processing processes,1,
安全評估,safety assessment,1,
健康風險評估,health risk assessment,1,
查驗登記,filing product registration,1,
許可文件,permit document,1,
出口到美國的產品,products intended for export to the United States,1,防檢局
衛生管理主管機關,competent authority for sanitary control,1,食藥署(食品組)
微生物監測計畫,microbiological monitoring programs,1,食藥署(食品組)
快速篩檢測試,rapid screen test,1,
商業檢測套件,commercial detection kit,1,
增殖法,enrichment procedure,1,
SPS 措施,SPS Measures,1,
WTO/SPS 協定,WTO/SPS agreement,1,
OIE 陸生與水生動物衛生法典與手冊,OIE Terrestrial and Aquatic Animal Health Codes and Manuals,1,
化學物質殘留,chemical residues,1,
國家微生物食品安全管制,National microbiological food safety controls,1,
肉品加工廠,meat product processing plants,1,
國內疾病管制,Domestic Disease Control,1,
輸入,Import,1,
輸出,Export,1,
過敏原及殘留物管制,Residues and allergen control,1,
輸入食品與相關產品之管理,imported foods and related products management,1,食品組
輸入食品之實驗室試驗認證,laboratory testing of imported food,1,區域管理中心
之後市場查核,post-marketing inspection,1,區域管理中心
動物用藥與農藥之核准登記,veterinary drugs and registration of approved pesticides,1,行政院農業委員會
殘留容許量,residue limits,1,衛生福利部
動物用藥殘留及農藥殘留監測計畫,surveillance programs on veterinary drug residues and pesticides residues,1,食品藥物管理署
退運或銷毀,returned or destroyed,1,
裝運前審查程序,pre-shipment review procedures,1,
輸銷食品,export food,1,
縣（市）衛生局,Local government health bureaus,1,
衛生及安全管理系統驗證,certification for Hygiene and Safety Management System,1,
生菌數,plate count,1,
體細胞數,somatic cell count,1,
抗生素殘留,antibiotic residues,1,
液相層析法／串聯式質譜法,Liquid chromatography/ tandem mass spectrometry (LC/MS/MS),1,
乳品加工廠,dairy processing establishment,1,
歐盟合格牛乳,EU eligible milk,1,
生乳品質標準,raw milk quality criteria,1,
強制召回,mandate recalls,1,
製造、販賣或輸入者,"manufacturer, seller, or importer",1,
回收、銷毀,recall and destruction,1,
屠宰場,Slaughterhouses,1,
登記證明,registration certificates,1,
風險基礎查核計畫,risk-based inspection programs,1,
衛生和食品安全規範,hygienic and food Safety requirements,1,
產品追蹤,product tracking,1,
食品良好衛生規範準則,Good Hygiene Practice for Food (GHP),1,
豬肉及其製品,pork and processed pork products,1,
監測計畫,post-market monitoring program,1,
禁用藥物,banned substances,1,
准用之動物用藥,approved veterinary drugs,1,
磺胺劑類抗生素,sulfonamides,1,
奎諾酮類抗生素,quinolones,1,
四環黴素類抗生素,tetracyclines,1,
β-內醯胺類抗生素,beta-lactam antibiotics,1,
卡巴得及其代謝物,carbadox and its metabolites,1,
乙型受體素類,beta-agonists,1,
TAF,Taiwan Accreditation Foundation,1,
輸銷美國加熱肉品工廠衛生安全管理系統驗證作業準則(草案),Guidelines Governing Implementation of Hygiene and Safety Sampling and Analysis System for the Heat-Treated Ready to Eat Meat Products Intended for Export to the United States,1,
官方管制經費,Fee structure for official controls,1,
衛生證明書,Sanitary Certificate,1,
食品及食品添加物查驗登記等相關審查費及證書費收費標準,Fee-Charging Standards for the Registration of Food and Food Additives,1,
加熱肉品工廠衛生安全管理系統驗證作業準則(草案),Guidelines Governing Implementation of Hygiene and Safety Management System Certification for Heat-treated Ready to East Meat Products Intended for Export to the United States (Draft),1,動植物防疫檢疫局
受委託之機關,commissioned agencies,1,動植物防疫檢疫局
法人,corporations,1,動植物防疫檢疫局
團體,organizations,1,動植物防疫檢疫局
Codex Alimentarius,Codex Alimentarius,1,
美國食品安全檢驗局,US Food Safety Inspection Agency (FSIS),1,
畜禽藥物殘留監測計畫,livestock and poultry drug residue monitoring program,1,
喹諾酮,quinolones,1,
抗生素及其代謝物,antibiotics and their metabolites,1,
抗球蟲藥,anticoccidial drugs,1,
砷苯胺酸,Arsanilic acid,1,
羅克沙酮,Roxarsone,1,
苯咪唑,Bendazole,1,
動物產品獸用藥物殘留市場監測,post-market surveillance of residual veterinary drugs in animal products,1,
市場監測計畫,post-market surveillance program,1,
水產養殖飼料,feed for aquaculture,1,
動物用藥產品,veterinary products,1,
化學物質,chemical parameters,1,
檢驗出口,apply for inspection to export,1,防檢署、食藥署(食品組)
動物傳染病防治法,The Statute for the Prevention and Control of Infectious Animal Diseases,1,防檢署、食藥署(食品組)
動物及其產品,"animals, their products",1,防檢署、食藥署(食品組)
生物製品,biologics,1,防檢署、食藥署(食品組)
動物產品檢疫法規,quarantine regulations regarding animals or animal products,1,防檢署、食藥署(食品組)
食品中毒原因菌,pathogenic microorganisms causing food poisoning,1,
病原性葡萄球菌,Pathogenic Staphylococcus,1,
Ａ群鏈球菌,Streptococcus Group A,1,
布魯氏桿菌,Brucella,1,
產氣莢膜桿菌,Clostridium perfringens,1,
病原性沙門氏菌,Pathogenic Salmonella,1,
志賀氏桿菌,Shigella,1,
病原性大腸桿菌,Pathogenic Escherichia coli,1,
曲狀桿菌,Campylobacter jejuni/coli,1,
仙人掌桿菌,Bacillus cereus,1,
耶辛尼氏腸炎桿菌,Yersinia enterocolitica,1,
霍亂弧菌,Vibrio cholerae,1,
其他病原性微生物,Other pathogenic microorganisms,1,
產孢性細菌,spore-forming bacteria,1,
輸入食品,import foods,1,
海外工廠查核,Inspection of Overseas Factories,1,
殘留檢測,residue testing,1,
乳品製造業者,dairy products manufacturers,1,
召回指引,guidance for recalls,1,
食品良好衛生規範,Good Hygiene Practice,1,
成品回收管制作業程序書,Finished Product Recall Control Operating Procedures,1,
產品識別碼,product identifiers,1,
批號,batch/serial numbers,1,
品名,product Name,1,
批號,lot number,1,
抗生素殘留,residues of antibiotics,1,
抽樣檢驗計畫,Sampling and test program,1,
β-內醯胺酶,β-lactams,1,
喹啉酮,quinolones,1,
巨環內酯,macrolides,1,
總生菌數,total aerobic plate count,1,
大腸桿菌群,coliform bacteria,1,
書面召回計畫,Written Recall Plans,1,
矯正行動計畫,corrective-action plans,1,
動物健康和福利,animal health and welfare,1,
公共衛生-食品和飼料安全管控,public health- food and feed safety controls,1,
進輸出要求和程序,import and export requirements and procedures,1,
歐盟執行委員會食品暨獸醫辦公室,European Commission Food and Veterinary Office,1,
歐盟執委會衛生暨食品安全總署,DG for Health and Food Safety (SANTE),1,
PCP,PCP,1,
品管或品質保證計畫,quality control or quality assurance programme,1,
肉品和肉製品檢查及衛生,meat and meat product inspection and hygiene,1,
食品安全管制系統準則,Regulations on food safety control system,1,
輸入食品系統性查核實施辦法,Regulations for Systematic Inspection of Imported Foods,1,
食品良好衛生規範準則,Food Good Hygiene Practice,1,
生鮮肉品類衛生標準,Sanitation Standard for Raw Meats,1,
最大含量,Maximum Levels (MLs),1,TFDA
殘留監測計畫,Residue Control Plan (RCP),1,TFDA
食品業者,Food business operators (FBOs),1,TFDA
暫養,Relaying,1,
微生物風險,microbiological hazards,1,
生物毒素,biotoxins,1,
封閉式養殖區,closure of relaying areas,1,
供應者,supplier,1,
下游業者,downstream industry,1,
戴奧辛分析,Dioxin analysis,1,
二噁英類PCBs分析,Dioxin-like PCBs analysis,1,
非戴奧辛類PCBs分析,non-dioxin-like PCB analysis,1,
農業部監測計畫,MOA’s monitoring plan,1,
動物用藥殘留,pharmacological active substances,1,
出口設施（屠宰場及肉品加工廠）,export establishments (slaughterhouses and meat processing plants),1,
健康證明,health certificates,1,
食品清洗劑,food cleansers,1,
食安事故,food poisoning accidents,1,
縣市政府衛生局,County/City Health Bureaus,1,
食品法規,Food Regulations,1,
食藥業者登錄平台,Food and Drug Business Registration platform,1,
衛生管制標準,sanitary control standards,1,
衛生管制和紀錄管理之內部標準,In-house standards for sanitary control and record management,1,
企業經營者和其員工之衛生標準,Sanitary standards for business operators and employees,1,
病媒防制,Pest control,1,
設施衛生管理,sanitation management of facilities,1,
食品微生物安全之管控,National microbiological food safety controls,1,
肉製品加工廠,meat product processing plants,1,
危害分析重要管制點原則,Hazard Analysis Critical Control Point principles,1,
關鍵管制點,critical control points (CCPs),1,
關鍵限值,critical limits,1,
檢驗能力,Ability to conduct the tests,1,
方法驗證,method validation,1,
歐盟委員會決議,Commission Decision,1,
歐盟委員會法規,Commission Regulation,1,
國際食品法典委員會,Codex Alimentarius,1,
台灣檢驗方法驗證,Food Analysis Performance Assessment Scheme (FAPAS),1,
能力驗證,proficiency testing schemes,1,
食品查核和管制,food examination and control,1,
動物源產品,animal origin products,1,
微生物性及化學性採樣方法,Sampling methods for different microbial and chemical analyses,1,
加工廠,food processing plants,1,
後市後監測計劃,post-market monitoring plans,1,
代施檢驗機構,approved laboratories,1,
肉製品加工廠,processing plants for meat products,1,
殘留監測系統,residue monitoring system,1,三區管中心、漁業署、防檢署
風險為基礎的國家動物產品後市場殘留監測計畫,risk-based national residue monitoring program for animal products in the post-market,1,三區管中心、漁業署、防檢署
水產品產地及船上品質衛生監測計畫,The Quality and Hygienic Condition Surveillance of Fisheries Products on Fish Farms and Vessels,1,三區管中心、漁業署、防檢署
水產品藥物殘留,drug residues of aquatic products,1,三區管中心、漁業署、防檢署
動物用藥品販賣業管理辦法,Regulation for the Sale of Veterinary Drugs,1,三區管中心、漁業署、防檢署
TFDA研究檢驗組,Division of Research & Analysis of TFDA,1,TFDA
微生物分析,microbiology,1,TFDA
食源性寄生蟲分析,Foodborne Parasites Analysis,1,TFDA
分離系統,split system,1,
歐盟合格產量,EU eligible production,1,
歐盟批准的企業,EU-approved establishments,1,
抗微生物劑,antimicrobials,1,
驅蟲劑,anthelmintics,1,
土黴素,oxytetracycline,1,
禁止用於生產用動物之藥物,unauthorized drug for food-producing animals,1,BAPHIQ
輸入管制措施,import control measures,1,
食品及相關產品,food and related products,1,
境外工廠查核,Inspection of Overseas Factories,1,
動物用藥品檢驗登記審查準則,Regulations for Registration of Veterinary Drugs,1,
農業部獸醫研究所動物用藥品檢定中心,"Animal Drugs Inspection Branch, Veterinary Research Institute",1,農業部獸醫研究所動物用藥品檢定中心
獸醫師法,Veterinarian Act,1,
動物用藥品使用準則,Veterinary Drugs Use Regulations,1,
衛生福利部食品藥物管理署,"FOOD AND DRUG ADMINISTRATION, MINISTRY OF HEALTH AND WELFARE",1,衛生福利部食品藥物管理署
上市後監測計畫,post-market surveillance scheme,1,
定性分析,qualitative analysis,1,
定量分析,quantitative analysis,1,
濃縮步驟,enrichment step,1,
連續稀釋,serial dilution,1,
加工肉品,RTE food,1,
畜禽及其產品之輸入管制,Import control of livestock and livestock products,1,
家畜產品,livestock products,1,
食品安全查核,food safety examination,1,
畜產品(肉類),livestock product (meat),1,
偶蹄類動物肉類之輸入檢疫條件,Quarantine Requirements for the Importation of Meat Derived from Cloven-hoofed Animals,1,
口蹄疫,FMD,1,
牛瘟,rinderpest,1,
非洲豬瘟,ASF,1,
動物健康問卷與食品安全問卷,Animal Health Questionnaire and Food Safety Questionnaire,1,
官方管制系統,official control system,1,
生產鏈,production chain,1,
殘留物監控結果,results of the previous year’s residue testing,1,
樣品,samples,1,
最大殘留容許限量,maximum residue level (MRL),1,防檢署、食藥署(中區管理中心)
NRP計劃,NRP plan,1,防檢署、食藥署(中區管理中心)
雞及鴨,chicken and duck,1,防檢署、食藥署(中區管理中心)
動物用藥殘留,animal drug residue,1,防檢署、食藥署(中區管理中心)
卡巴,Carbadox,1,
官方分析方法,official test methods,1,
β-內醯胺類抗生素,β-Lactam Antibiotics,1,
孔雀石綠及其代謝物,Malachite Green and its Metabolite,1,
硝呋喃代謝物,Nitrofuran Metabolites,1,
抗生素及其代謝物,Antibiotics and its Metabolites,1,
四環素類,Tetracyclines,1,
家禽畜產品農藥殘留多成分分析法,Method of Test for Pesticide Residues in Livestock and Poultry Products – Multiresidue Analysis,1,
水產品無機砷檢驗方法,Method of Test for Inorganic Arsenic in Aquatic Animals,1,
水產品、家禽畜產品及蜂蜜重金屬檢驗方法,"Method of Test for Heavy Metals in Aquatic Animals, Livestock and Poultry Products and Honey",1,
食品中甲基汞檢驗方法,Method of Test for Methyl Mercury in Foods,1,
限期改正,mandates correction within a specified period,1,三區管理中心、漁業署
養殖水產品移動管制,movement control of aquatic products,1,三區管理中心、漁業署
官方獸醫服務,official veterinary service,1,
公共衛生部門,Public Health Services,1,
檢驗及稽查,testing and inspection,1,北區管理中心、防檢署
產品召回,product recall,1,
公共衛生,Public Health,1,
認可實驗室,accredits laboratories,1,
認證實驗室,accredited labs,1,
動植物防疫檢疫署,Bureau of Animal and Plant Health Inspection and Quarantine(BAPGHIQ),1,防檢署
產品登記,product registration,1,防檢署
製造或輸入許可證,license to manufacture or import,1,防檢署
經營者,operator,1,
核可屠宰場,approved export abattoirs,1,
肉品加工廠,meat and egg processing establishments,1,
農業部,Council of Agriculture (COA),1,
食藥署,Food and Drug Administration (TFDA),1,
查驗/稽查,inspection / examination,1,TFDA
地方政府衛生局,Local governmental health authorities,1,
廣告管理,advertisement,1,TFDA
快速警報系統,rapid alert system,1,
食品廠,food factory,1,
紐西蘭初級產業部,New Zealand MPI,1,
食品安全風險分析,food safety risk analysis,1,
風險分類模型,risk categorization model,1,
屠宰、切割、加工、儲存,slaughter-cutting-processing-storage,1,
食品控制及監測,food controls and surveillance,1,
肉品分切及肉品加工廠,cutting or processing plant,1,
產品通路便捷系統,Product Management Distribution System (PMDS),1,
生產設施,production facility,1,
農場,farm,1,
不合規情況,non-compliances,1,食藥署
蜂產品,apian products,1,食藥署
藥劑殘留,residues,1,食藥署
衛生機關,MOHW,1,食藥署
歐盟合格乳製品,EU eligible dairy products,1,
衛生管制計畫,sanitary control program,1,
食品安全衛生管理法,Act governing food safety and sanitation,1,防檢署、食藥署(中區管理中心)
藥物殘留量,chemical residues,1,防檢署、食藥署(中區管理中心)
下架、沒收銷毀,"recalled from the market, then confiscated and destroyed",1,防檢署、食藥署(中區管理中心)
溯源,trace the products back to their origin,1,防檢署、食藥署(中區管理中心)
限制移動,movement-restricted,1,防檢署、食藥署(中區管理中心)
違規樣品,violative samples,1,
殘留違規,residue violations,1,
環丙氨嗪,cyromazine,1,
強力黴素,doxycycline,1,
鹽黴素,salinomycin,1,
申請文件,application documents,1,
蛋製品加工廠,egg product establishments,1,
產蛋雞農場,laying hen farms,1,
產蛋鴨農場,laying ducks farms,1,
人畜共通病原體,Zoonotic pathogens,1,
感染性生物材料,Infectious biological materials,1,
傳染病防治法,Communicable Disease Control Act,1,
疾管署,Taiwan CDC,1,
危險群,risk groups,1,
輸入申請,importation application,1,
生物安全管理組織,institutional biosafety committee (IBC),1,
輸入許可,import license,1,
生物安全等級,biosafety level,1,
稽查/檢查人員,inspection/examination,1,
地方政府衛生單位,Local health bureaus,1,
藥理活性物質殘留的監控計畫,control plan for residues of pharmacologically active substances,1,
B組子組,Group B sub-groups,1,
抗生素,anti-bacterial drugs,1,APHIA
賽洛嗪,cyromazine,1,APHIA
氟拉尼肼,fluralaner,1,APHIA
國家微生物監測計劃,National Microorganisms Monitoring Program,1,食藥署(三區管中心)
檢測計畫,testing plans,1,食藥署(三區管中心)
食品微生物檢測,food microbiological testing,1,食藥署(三區管中心)
食品稽查管理,food inspection and management,1,食藥署(三區管中心)
源頭製造及流通販售,source manufacturing and distribution sales,1,食藥署(三區管中心)
執委會 (EU) 605/2010 號規則,COMMISSION REGULATION (EU) No. 605/2010,1,
成分分析報告,certificate of analysis,1,
滅菌過程,sterilization process,1,
現場稽查,on-site inspections,1,
授權實驗室,authorized laboratories,1,
衛生管理措施,sanitation management,1,
自主回收,recall such products voluntarily,1,
設備及器具之清洗衛生,Cleaning and sanitation of equipment and utensils,1,
食品接觸面,Surfaces that come in contact with foods,1,
製造、加工、調配或包（盛）裝食品,"manufacturing, processing, preparing, or packaging (carrying) foods",1,
包（盛）裝材料,packaging (carrying) materials,1,
清潔劑或消毒劑,detergents or disinfectants,1,
環境用藥管理法,Environmental Agents Control Act,1,
食品作業場所,food operation site,1,
主管當局,competent authority,1,
公共衛生相關之要求,public health requirements,1,
歐洲委員會食品與獸醫辦公室,European Commission Food and Veterinary Office,1,
衛生福利部食品藥物管理署,Taiwanese authorities,1,TFDA
SPS 措施,SPS aspects,1,
歐盟衛生與食品安全總署,DG for Health and Food Safety (SANTE),1,
動物和獸醫公共衛生,animal and veterinary public health,1,
食品安全法規與管理,Food safety regulation and management,1,
縣市政府衛生局,Local County/City Health Bureaus,1,
肉類或家禽產品,meat or poultry products,1,防檢局
加熱肉品輸銷美國之生產工廠查核計畫（草案）,Directions for Auditing Establishments Producing Heat-Treated Meat Products for the U.S. Market (draft),1,防檢局
加熱肉品輸銷美國之生產工廠查核計畫查檢表,Checklist for the Inspection plan to audit establishments producing heat-treated meat products for the U.S,1,防檢局
輸銷美國食品衛生安全管理系統驗證作業指南,Guidelines Governing Implementation of Hygiene and Safety Management System Certification for Heat-treated Ready to Eat Meat Products Intended for Export to the United States,1,防檢局
工廠登記證明文件,establishment registration certificate,1,防檢局
食品衛生安全管理系統計畫書,HACCP plan,1,防檢局
衛生管理及食品安全管制系統,SPS and HACCP system,1,防檢局
製造流程圖,processing flow chart,1,防檢局
採樣技術,sampling techniques,1,
腸炎沙氏桿菌,Salmonella enteritidis,1,
傷寒沙門氏菌,Salmonella typhimurium,1,
食源性病原體,foodborne pathogen,1,
衛生監管,sanitation control,1,三區管中心、食品組
有效監測,effective monitoring,1,三區管中心、食品組
食品稽查專案,food Inspection and Testing Projects,1,三區管中心、食品組
中央或地方衛生主管機關,central or local competent authority,1,三區管中心、食品組
冷凍魚,"Fish, frozen",1,
甲殼類動物,Crustaceans,1,
軟體類動物,Molluscs,1,
適合供人類食用之甲殼類動物粉、細粒及團粒,"flours, meals and pellets of crustaceans, fit for human consumption",1,
適於人類食用之軟體類動物粉、細粒及團粒,"flours, meals and pellets of molluscs, fit for human",1,
貨品號列,CCC code,1,
歐盟,GB,1,防檢署
獸醫MRL,veterinary MRLs,1,
內部品質管理系統,Internal quality management system,1,
能力檢驗計畫,proficiency testing programs,1,
委任實驗室,commissioned laboratories,1,
國家參考實驗室基礎設施,National Reference laboratory Infrastructure,1,
食品藥物管理署研究檢驗組,Division of Research and Analysis of TFDA,1,
不法產品,illegal products,1,
特定風險物質,Specified Risk Material,1,
加熱全熟肉品衛生安全取樣分析作業指南,Guidelines Governing Implementation of Hygiene and Safety Sampling and Analysis System for Heat-treated Ready to Eat Meat Products,1,
微生物（食媒性病原菌）,microorganism,1,
李斯特菌屬所有菌種/單核球增多性李斯特菌,Listeria spp. / Lm,1,
增菌培養液,enrichment,1,
能力測試計畫,proficiency testing schemes,1,食藥署
雞蛋,Chicken (Hens) Eggs,1,食藥署
魚肉,Fish Muscle,1,食藥署
火雞肉,Turkey Muscle,1,食藥署
豬肝,Pig Liver,1,食藥署
羊肉,Sheep meat,1,食藥署
鯡魚,Herring,1,食藥署
魚油,Fish oil,1,食藥署
分析物,Analytes,1,食藥署
基質,Matrix,1,食藥署
實驗室內部品質,laboratory internal quality,1,TFDA
驗證計畫,Calibration program,1,TFDA
陽性及陰性測定,Positive and negative assay controls,1,TFDA
追蹤追溯,Traceability,1,TFDA
員工訓練,Employee training,1,TFDA
校正程序,calibration program,1,TFDA
檢驗方法,analytical methods,1,
行動水準 / 國家容許量,action levels / national tolerances,1,
食品安全營養諮詢委員會,"Food Sanitation, Safety and Nutrition Advisory Committee",1,
獸醫用藥物殘留,Residues of Veterinary Medicinal Products,1,
食鳥肉,poultry meat,1,
食肉カット工場,Meat cutting plants,1,
特殊蛋製品,particular eggs products,1,
百年雞蛋,hundred years old eggs,1,
特產,specialities,1,
皮蛋,preserved duck eggs (hundred years old eggs),1,
低酸性罐頭肉製品,low-acid canned meat products,1,
密閉容器,hermetically sealed containers,1,
密封,sealing,1,
國立成功大學環境微量有毒物質研究中心,ETTS center,1,
行政院農業委員會藥物毒物試驗所,TACTRI,1,
食品中重金屬監測計畫,annual monitoring program of heavy metal in food,1,
豬肉產品,meat products,1,
自願召回,voluntary recall,1,
食品用器具或容器包裝,"food utensils, food containers or packaging",1,
肉類及禽肉產品,meat and poultry products,1,
低酸及酸化罐裝食品,low-acid and acidified canned foods,1,
熱處理程序,thermal process,1,
優良衛生規範,GHP,1,
滅菌設備,sterilization equipment,1,
容器密封控制,sealing control over containers,1,
加工紀錄,processing records,1,
生產紀錄,production records,1,
進輸出,import/export,1,
飼料監測,feeds,1,
食品安全及檢驗,food safety and inspection,1,
查驗不符合通知書,notification of noncompliance for import food and relevant products,1,
複驗,re-examination,1,
查驗機關,inspection authority,1,
退運,Return,1,
銷毀,destroy,1,
限期消毒,disinfection,1,
具結先行放行,prior release,1,
貨品分類號列,CCC Code,1,
輸出國政府,government of the exporting country,1,
暫停受理查驗,temporarily suspend the inspection application,1,
微生物,Microbial,1,
殘留,residue,1,
豬肉和肉製品,pork meat and meat products,1,
微生物監測計劃,microbiological monitoring program,1,
HACCP相關法規和準則,HACCP-related regulations and guidelines,1,
消費品召回,Consumer Product Recall,1,
消費品安全,Consumer Product Safety,1,
動物性產品,products of animal origin,1,
蛋雞場,layer farms,1,
殘留分析,residue analysis,1,
加工蛋製品工廠,processing plants,1,
出口動物產品追溯系統,traceability system for export animal products,1,食藥署(食品組)
追溯或追蹤系統,traceability or tracking system,1,食藥署(食品組)
蛋類樣本,egg samples,1,
國家／區域監視與監測計畫,national/regional surveillance and monitoring programme,1,
抽批查核,batch inspections,1,
畜產品,animal products,1,
出口國主管機關,competent authority of exporting country,1,
核准之生產設施,approved establishments,1,
軟體動物貝類,molluscan shellfish,1,
歐盟核准之生產設施,EU-approved establishments,1,
飲用水品質,Quality of drinking water,1,
食品用水,water to be used in food,1,
化學以及微生物標準,chemical and microbiological requirements,1,
水質檢測自主管理,self-management of water quality testing,1,
地方縣市衛生局,Local Health Bureaus,1,
飲用水品質標準,Drinking Water Quality Standards,1,
行政院農業部,"Council of Agriculture, Executive Yuan",1,動植物防疫檢疫署
肉品檢驗系統,meat inspection system,1,動植物防疫檢疫署
SPS,SPS,1,動植物防疫檢疫署
獸醫證明書,veterinary certificates,1,動植物防疫檢疫署
出口畜禽、豬肉、家禽肉及蛋類及其相關產品,"export livestock and pork, poultry meat and eggs and the related products",1,動植物防疫檢疫署
食品衛生安全,food sanitation safety,1,食品藥物管理署
食品、漁業及農業進出口,"importing and exporting food, fishery, and agriculture",1,食品藥物管理署
食品安全衛生管理法,Food Safety and Hygiene Management Act,1,食品藥物管理署
殘留監測,residue surveillance,1,食品藥物管理署
健康證明書,health certifications,1,食品藥物管理署
出口食品,exported food,1,食品藥物管理署
傳染性動物疾病防治法,Statute for Prevention and Control of Infectious Animal disease,1,動植物防疫檢疫署
畜產法,Animal Industry Act,1,動植物防疫檢疫署
動物產品,products derived from such animals,1,
國家微生物控制計畫,National microbiological control program,1,
微生物檢測,microorganism testing,1,
沙門氏桿菌,Salmonella spp.,1,
食品安全主管機關,Competent food safety authority,1,
衛福部食藥署,Taiwan Food and Drug Administration (TFDA) under the Ministry of Health and Welfare (MOHW),1,食藥署
農業部防檢署,Animal and Plant Health Inspection Agency (APHIA) under the Ministry of Agriculture (MOA),1,防檢署
動植物疫病預防控制,animal and plant epidemic prevention and control,1,防檢署
動植物及其產品進出口檢疫,"import and export quarantine of plants, animals and products thereof",1,防檢署
肉類檢驗,meat inspection,1,防檢署
動物檢疫證明書,animal quarantine certificate,1,防檢署
GHP,Regulations on Good Hygiene Practice for Food,1,食藥署
經濟部標準局,BSMI under the MOEA,1,標準局
衛生證明文件,health certificates,1,標準局
輸歐盟水產品官方管制行動方案,Action Program for the Official Controls of Fish and Fishery Products Intended for Export to the European Union,1,標準局
活甲殼類及軟體動物輸入檢疫條件,Quarantine Requirements for the Importation of Live Crustaceans and Molluscs,1,防檢署
動物用藥,veterinary drug residue,1,食藥署
農業用藥,pesticide residue,1,食藥署
食品毒素,mycotoxins,1,食藥署
動物產品微生物標準,Standards for microorganisms for animal products,1,食藥署(食品組)
成品病原微生物控制,Pathogenic microorganism control for finished products,1,食藥署(食品組)
食品生產水生動物,food-producing aquatic animals,1,APHIA
食品安全管理系統查驗規定,Regulations on Food Safety Control System,1,
衛生及採集稽查,sanitary and collection inspections,1,三區管中心、食藥署食品組
風險等級,hazard levels,1,三區管中心、食藥署食品組
稽查清單,Inspection checklists,1,三區管中心、食藥署食品組
食品中農藥殘留容許量,pesticide residue limits in foods,1,TFDA
官方政府樣品,official government samples,1,
微生物學,microbiological,1,
化學殘留分析,chemical residue analysis,1,
參考實驗室,reference laboratories,1,
私人實驗室,private laboratories,1,
殺菌後暴露的RTE產品,post-lethality exposed RTE products,1,
單核球增多性李斯特菌,Lm or Listeria species,1,
生產輸銷美國加熱肉品食品工廠環境取樣指南,Guidelines on the Procedures for the Sampling Operation Required for Environmental Sampling of Food Factories Producing Heat-Treated Meat to the U.S,1,
環境監測計畫,environmental monitoring program,1,
主管機關,CCA,1,
業者,operators,1,
改善措施,corrective actions,1,
查核所見事項,establishment-specific findings,1,
改善報告,improvement reports,1,
乳產品,Milk products,1,
CN編碼,CN code,1,
輸出容量(噸),Export volume in tonnes,1,
加熱措施,Heat treatment,1,
可疑無風險物質,SRM,1,
人類食品,human food,1,
動物飼料,animal feed,1,
動物來源原料,animal origin materials,1,
非牛肉屠宰/加工廠,non-beef slaughtering/processing plant,1,
動物用藥品之殘留監測計畫,monitoring plan on farms for veterinary drug residues,1,BAPHIQ
國家動物用藥品殘留監測計畫,national veterinary drug residues monitoring plan,1,BAPHIQ
官方管控,Official Controls,1,
動物、飼料和食品、植物健康等,"Animals, Feed and Food, Plant Health etc.",1,
動物用藥品殘留,residues of veterinary medicines,1,
官方查核員,official inspectors,1,
輸入與後市場查核,import and post-market inspection,1,
公務員服務法,Civil Servant Work Act,1,
公職人員利益衝突迴避法,Act on Recusal of Public Servants Due to Conflicts of Interest,1,
肉類、家禽和蛋類產品,"meat, poultry, and egg products",1,
生產輸銷美國加熱肉品食品工廠監督管理要點,Directions (for heat-treated meat products intended for export to the U.S.),1,
衛生程序,sanitation procedures,1,
官方檢查確認紀錄,official inspection records,1,
分析驗證,analytical validation,1,
動物產品衛生管理,sanitary control for animal products,1,防檢署、食藥署(食品組)
動植物防疫檢疫署,"APHIA, MOA",1,防檢署、食藥署(食品組)
動物檢疫組,Animal Quarantine Division,1,防檢署、食藥署(食品組)
動物防疫組,Animal Health Inspection Division,1,防檢署、食藥署(食品組)
肉品檢查組,Meat Inspection Division,1,防檢署、食藥署(食品組)
植物檢疫組,Plant Quarantine Division,1,防檢署、食藥署(食品組)
植物防疫組,Plant Protection Division,1,防檢署、食藥署(食品組)
食品添加物規格檢驗方法,Food additive specifications testing method,1,
國家微生物採樣計劃,national microbiological sampling plans,1,
A組藥理活性物質殘留的監控計畫,control plan for residues of pharmacologically active substances included in Group A,1,
違規率,violation rate,1,
衛生局,local health bureau,1,
低酸食品,low-acid products,1,
商業無菌,commercial sterility,1,
酸性低酸食品,acidified low-acid products,1,
熱處理,thermal processing,1,
肉毒桿菌,botulinum,1,
食品工業研究發展研究所,Food Industry Research and Development Institute (FIRDI),1,
台灣衛生福利部食品藥物管理署,Taiwan Food and Drug Administration (TFDA),1,
滅菌條件報告,sterilization condition report,1,
滅菌值,sterilization value (F0),1,
國家動物及獸醫公共衛生服務,national animal and veterinary public health services,1,
動物健康和食品法,animal health and food law(s),1,
食品製造,Manufactured food,1,
動物健康和食品法規,animal health and food regulations,1,
食品中動物用藥殘留限量,Veterinary drug residue limits in foods,1,
輸出機構,export establishments,1,
指定商品,specified commodities,1,
食品接觸物質的良好作業規範,Good Manufacturing practice for materials in contact,1,
塑膠類食品器具、食品容器或包裝製造業,"plastic food utensils, food containers or packaging manufacturers",1,
交叉污染,Cross contamination,1,
著色劑,colorants,1,
塑膠類食品器具、食品容器或包裝之衛生管理,"Sanitation management of plastic food utensils, food containers or packaging",1,
品質管制,Quality control,1,
標示、檢驗、下架、回收,"Labeling, testing, removal off shelves, recall",1,
農業主管機關,agricultural competent authority,1,
歐盟規定,EU standards,1,
水產養殖（魚類及甲殼類）,aquaculture (fin fish and crustaceans),1,
出口至歐盟,exported to the EU,1,
國家殘留監控計畫,national residue monitoring plan,1,
衛生暨食品安全總署,DG Health and Food Safety,1,
動物用藥品殘留,Residues of Veterinary Medicinal Products,1,
TFDA後市場監測計畫,TFDA post-market surveillance program,1,
監督檢查計畫,supervision and inspection programme,1,
化學物質殘留量,chemical residues,1,
乳品樣品,dairy samples,1,
動物用藥殘留物,veterinary drugs,1,
禁用藥氯黴素,prohibited substance chloramphenicol,1,
β-內醯胺類抗生素,β-lactams,1,
喹諾酮藥物,quinolones,1,
微生物檢測,microorganisms test,1,
總生菌數,total aerobic plate count,1,
大腸菌,coliform bacteria,1,
葡萄球菌腸毒素,Staphylococcal enterotoxins,1,
良好農業規範,GAP,1,
食品安全計畫,food safety program,1,食藥署(三區管中心)
進口衛生要求,import sanitation requirements,1,食藥署(食品組)
食品企業登記,registration of the food businesses,1,食藥署(食品組)
獸醫公共衛生,Veterinary Public Health,1,
乳品加工企業,dairy processing establishments,1,
乳品,milk,1,
食品藥物管理署,"Food and Drug Administration, TFDA",1,食品藥物管理署
食品安全管制系統,Regulations on Food Safety Control System (HACCP),1,
進輸出,"Importing, exporting",1,
抽樣及檢驗,sampling and testing,1,
產品回收,withdrawing from the market,1,
年度稽核專案,Annual auditing projects,1,
食品安全警告,food safety alert,1,
行政院食安聯合小組之查核計畫,Inspection program of the Executive Yuan Joint Task Force for Food Safety,1,
基本食品類別,essential food categories,1,
下架,withdraw from the market,1,
食品分析品質,quality of food analysis,1,
分析質量控制,Analytical quality control (AQC),1,
出口水產品,exporting fishery products,1,
動物疾病防治,animal disease prevention and control,1,防檢署
動物用藥品管理,management of veterinary drugs,1,防檢署
動物產品檢疫,quarantine of animal products,1,防檢署
行動參考值,reference points for action (RPAs),1,
歐盟法規,Regulation (EU) 2019/1871,1,
含硝基呋喃類與其代謝產物,Nitrofurans and their metabolites,1,
偵測極限,detection limits,1,
乳品及乳製品,milk and dairy products,1,
奶粉,Milk Powder,1,
脫脂乳粉,buttermilk powder,1,
噴霧乾燥,spray dried,1,
動物產品檢疫證明,Veterinary Certificate for Export of Animal Product,1,防檢局
非食品接觸表面,non-food contact surfaces,1,
出口到美國,export to the United States,1,
基於富集,enrichment-based,1,
基於計數,enumeration-based,1,
加工肉品,RTE meat,1,
增值培養,enrichment stage,1,
培養基,plates,1,
溶血性,hemolytic test,1,
觸酶試驗,catalase test,1,
運動性,mobility,1,
CAMP 試驗,CAMP test,1,
水質檢驗計畫,water testing programmes,1,
水質,water quality,1,
食品之良好衛生規範準則,Regulations on Good Hygiene Practice for Food,1,
獸醫藥品,veterinary drugs,1,
殘留動物用藥,veterinary drugs residue,1,
進口許可,import permits,1,
進口食品系統查驗管理辦法,Regulations for Systematic Inspection of Imported Food,1,
進口食品及相關產品查驗管理辦法,Regulations of Inspection of Imported Foods and Related Products,1,
水資源控制計畫,Water Control Program,1,
水質抽樣計畫,water quality testing,1,
地方政府衛生局,Local County / City Health Bureaus,1,
乳品加工廠,dairy products processing establishments,1,
發酵、煙燻肉品,fermented and smoked meat products,1,
委外實驗室,outsourced laboratories,1,
自主檢驗計畫,Voluntary test program,1,
召回資訊,recall information,1,
官方稽核報告,Audit reports of official inspections,1,
畜牧業,Livestock Industry,1,
檢驗方法確效狀態,validation status,1,
零售商,retailers,1,
批發商,wholesalers,1,
大型超市,hypermarkets,1,
蛋品加工廠,egg processing plants,1,
內部品質控制參數,Internal quality control parameters,1,
陽性和陰性檢測對照,positive and negative assay controls,1,
微生物檢測,microbiological tests,1,
品質控制程序,quality control procedures,1,
NRL,NRLs,1,食品組
委託偵測實驗室,consigned testing laboratories,1,食品組
初級生產、運輸與加工,"primary production, transport and processing",1,
食品衛生風險,food safety hazards,1,
出口商,exporters,1,
標準作業規程,standard operating procedures,1,
外銷食品及飼料廠場危害分析重要管制點管理系統驗證驗證基準,Inspection Criteria for HACCP Management System for Exporting Food Establishments,1,標準局
產品追溯,Product traceability,1,
出口衛生證明文件,export health certificate,1,
不合格通知書,nonconformity notices,1,標準局
加熱全熟肉品,Heat treated Ready to Eat Meat Products,1,BAPHIQ
環境取樣,environmental sampling,1,BAPHIQ
輸銷美國加熱全熟肉品衛生安全取樣分析作業指南（草案）,Guidelines Governing Implementation of Hygiene and Safety Sampling and Analysis System for Heat treated Ready to Eat Meat Products Intended for Export to the United States (Draft),1,BAPHIQ
我國加熱肉品輸銷美國之生產工廠查核計畫環境取樣程序(草案),Guidelines on the procedures for the sampling operation required for environmental sampling (Draft),1,BAPHIQ
加工(熱)豬肉產品,heat-treated meat to U.S,1,BAPHIQ
政府委託之檢驗機關（構）人員,staffs from government contracted inspection agencies (institutions),1,BAPHIQ
官方管制人員,official control officer,1,BAPHIQ
蛋製品,food products containing egg ingredients,1,
國家殘留限量,national residue tolerance limits,1,TFDA
殘留限量,MRLs,1,TFDA
殘留監測計畫,residue control plan,1,TFDA
動物性商品,animal product,1,TFDA
出口產品,exported food products,1,TFDA
農林水產省,"Ministry of Agriculture, Forestry and Fisheries",1,
豬肉加工廠,pork meat processing establishments,1,
美國食品藥物管理局,US FDA,1,
食品安全檢驗局,Food and Safety Service (FSIS),1,
熱處理豬肉,heat-treated pork meat,1,
新加坡農糧局,Agri-food and Veterinary Authority (AVA),1,
豬肉/家禽肉加工廠,pork/poultry meat processing establishments,1,
蛋品加工廠,egg processing establishments,1,
熱處理豬肉、家禽肉及加工蛋品,"heat-treated pork, poultry meat and processed eggs",1,
中國國家品質監督檢驗檢疫總局,"General Administration of Quality Supervision, Inspection and Quarantine (AQSIQ)",1,
衛生證書,Health Certificate,1,食藥署
進口國權責機關,competent authority of the importing countries,1,食藥署
輸入國規範,requirements of the importing country,1,防檢局
地方衛生主管機關,Local (city/county) health authority,1,
生產/食品鏈,production/food chain,1,
乳品製造商,dairy products manufacturers,1,
食品與相關產品可追溯性,traceability of foods and relevant products,1,
監視計畫,surveillance programs,1,
之後市場取樣計畫,post-market sampling program,1,
畜禽及水產品,"livestock, poultry and aquatic products",1,防檢署
產品註冊,product registration,1,防檢署
藥品處方,veterinary prescription,1,防檢署
食品標準,Food standards,1,
微生物或化學限量,microbiological or chemical limits,1,
許可食品添加物,permitted food additives,1,
獸藥殘留限量,Veterinary Drug Residue Limits,1,
農藥殘留限量,pesticide residue limits,1,
即食食品衛生標準,Sanitation Standard for Ready-to-Eat (RTE) Foods,1,
牛、羊、豬及家禽食用內臟重金屬容許量標準,"Standard for the Tolerance of Heavy Metals in Edible Offal of Cattle, Sheep, Pig and Poultry",1,
鮮肉衛生標準,Sanitation Standard for Fresh Meats,1,
食用油與油脂衛生標準,Sanitation Standard for Edible oils and Fats,1,
罐頭食品衛生標準,Sanitation Standard for Canned Foods,1,
實驗室檢驗方法與能力,Laboratory analysis and competence,1,
進口食品管制法,Imported Food Control Act,1,
出口證明文件,export certification,1,
輸入食品,Imported Foods,1,TFDA
國內上市食品,Commercial Foods in the Domestic Market,1,TFDA
衛福部,Ministry of Health and Welfare(MOHW),1,TFDA
食品添加物暨成分,food additives and ingredients,1,TFDA
食品微生物暨摻偽,food microbiology and fraudulent foods,1,TFDA
食品容器具,"food utensils, containers and packages",1,TFDA
動物用藥,veterinary drug residue limits in foods,1,TFDA
食品重金屬,heavy metals in foods,1,TFDA
農業用藥,pesticide residue limits in foods,1,TFDA
食品毒素,mycotoxins in foods,1,TFDA
食品病毒,foodborne viruses,1,TFDA
魚產品,fish and fishery products,1,BSMI
鴨蛋與雞蛋,duck and hen eggs,1,
2002/657/EC 決定,Decision 2002/657/EC,1,
食品化學物質檢驗方法,food chemical testing method,1,
追溯追蹤程序,procedures for traceability,1,漁業署、防檢署、食品組
化學物質,chemicals,1,漁業署、防檢署、食品組
輻射,radiations,1,漁業署、防檢署、食品組
衛生評鑑,hygiene inspection,1,漁業署、防檢署、食品組
動物源產品,animal products,1,
殘留物控制計畫,control plan for residues,1,
化學殘留管制,Chemical residue controls,1,農方
屠前及屠後檢查,ante and PM inspections,1,農方
最大殘留容許量,Maximum Residual Limits (MRLS),1,農方
農方,APHIA,1,農方
美國與歐洲蜂病,American and European foulbrood,1,
賀爾蒙和β-激動劑,hormones and beta-agonists,1,
獸藥殘留,residues of veterinary medicines,1,
試驗矩陣,matrix,1,
z-score,z-score,1,
歐盟委員會決議 98/179/EC 附件第 1.2 節,Section 1.2. of the Annex to Commission Decision 98/179/EC,1,
RTE產品,RTE product,1,
食品接觸面,food-contact surface (FCS),1,
輸銷美國加熱全熟肉品衛生安全取樣分析作業指南（草案）,Guidelines Governing Implementation of Hygiene and Safety Sampling and Analysis System for Heat-treated Ready to Eat Meat Products Intended for Export to the United States,1,
生產輸銷美國加熱肉品食品工廠監督管理要點（草案）,Directions for Auditing Establishments Producing Heat Treated Meat Products for the United States Market,1,
檢驗機關,inspection agencies,1,
輸銷美國加熱肉品衛生安全管理系統驗證作業指南,Guidelines Governing Implementation of Hygiene and Safety Management System Verification for Heat-Treated Meat Products Intended for Export to the United States,1,
認可登錄廠場,approved establishments,1,
微生物標準,microbiological limits,1,
食品中微生物限量標準,Sanitation Standard for Microorganisms in Foods,1,
病原菌,Pathogen,1,
冷凍生鮮水產品,Frozen raw aquatic products,1,
即食水產品,Ready-to-eat aquatic products,1,
冷凍熟水產品,Frozen cooked aquatic products,1,
出口前微生物限量標準,Microbiological Limits for Bivalve Molluscs before Exporting to AU,1,
動物疫病防止,animal disease prevention,1,
動物管理,animal management,1,
動物用之藥品管理及使用,drug management and use for animal,1,
飼料管理及使用,feed management and use,1,
乳牛養畜農場管理,dairy cattle and livestock farm management,1,
原子塵或放射能污染安全容許量,nuclear fallout or radioactivity,1,
食品中的動物用藥殘留,Veterinary drug residues in foods,1,
初級生產要求,Primary production requirements,1,
生產區域的分類與監控,Classifying and monitoring harvest areas,1,
微生物與化學風險,microbiological and chemical hazards,1,
環境監控,sanitary surveys,1,
水質調查,water quality survey,1,
生物毒素風險分析,biotoxin risk analysis,1,
生物毒素管控計畫,biotoxin management plan,1,
微生物與化學汙染,microbiological and chemical contamination,1,
測試設備和裝置,testing equipment and devices,1,漁業署、研檢組
液相層析串聯質譜儀,liquid chromatograph/tandem mass spectrometers (LC-MS/MS),1,漁業署、研檢組
氣相層析串聯質譜儀,gas chromatograph/tandem mass spectrometers (GC-MS/MS),1,漁業署、研檢組
高效離子層析儀,high performance ion chromatographs (HPIC),1,漁業署、研檢組
感應耦合電漿質譜儀,inductively coupled plasma mass spectrometers (ICP-MS),1,漁業署、研檢組
液相層析高解析度串聯質譜儀,liquid chromatograph/high resolution tandem mass spectrometers (LC-HRMS),1,漁業署、研檢組
動物用藥品,animal drugs,1,防檢署
乙型受體素,β-agonists,1,防檢署
製造、調劑、輸入、輸出、販賣或陳列,"manufacture, dispensing importation, export, sale or display",1,防檢署
感官測試,organoleptic testing,1,三區管理中心
深入測試,in-depth test,1,三區管理中心
官方控制（動物、飼料和食品、植物健康等）修訂法規,"Official Controls (Animals, Feed and Food, Plant Health etc.) Regulations",1,中區管理中心、防檢署
抗生素物質,antibacterial substances,1,中區管理中心、防檢署
水產品生產廠場（船舶）營業許可,business approval of a manufacturing establishment for fishery products(vessel),1,漁業署、食品組
漁船建造許可及漁業證照核發準則,fishing vessel construction license and fishery license issuance guidelines,1,漁業署、食品組
漁政機關,fishery administration authority,1,漁業署、食品組
食源性疾病爆發,food-borne disease outbreaks,1,
可追蹤性,traceability,1,
樣品收集,sample collection,1,
官方測試,official testing,1,
測試報告,testing reports,1,
許可場所,approved establishments,1,
登錄字號,Registration Number,1,
食品藥物業者登錄平台,Food and Medical Products Business Registration Platform,1,
食品過敏原標示規定,Regulation of Food Allergen Labeling,1,
甲殼類及其製品,Crustacea and products thereof,1,
芒果及其製品,Mango and products thereof,1,
花生及其製品,Peanut and products thereof,1,
牛奶、羊奶及其製品,"Milk, goat milk and products thereof",1,
蛋及其製品,Egg and products thereof,1,
堅果類及其製品,Nuts and products thereof,1,
芝麻及其製品,Sesame and products thereof,1,
含麩質之穀物及其製品,Cereals containing gluten and products thereof,1,
大豆及其製品,Soybean and products thereof,1,
魚類及其製品,Fish and products thereof,1,
亞硫酸鹽,sulphites,1,
二氧化硫殘留量,residue sulphur dioxide,1,
食品添加物,food additive,1,
頭足類及其製品,Cephalopods and cephalopod products,1,
螺貝類及其製品,Spiral shells and Spiral shell products thereof,1,
種子類及其製品,Seeds and seed products,1,
奇異果及其製品,Kiwis and kiwi products thereof,1,
市場抽驗計畫,post-market sampling surveillance program,1,
磺胺類藥物,sulphonamides,1,
喹諾酮類藥物,quinolones,1,
食品安全檢測,food safety testing,1,
認證程序和標準,accreditation procedures and standards,1,
食品衛生檢驗委託辦法,Regulations Governing Commissioned for Food Sanitation Testing,1,
違規殘留,violative residues,1,
乃卡巴精,Nicarbazin,1,
三甲氧芐氨嘧啶,Trimethoprim,1,
羅苯嘧啶,Robenidine hydrochloride,1,
馬杜拉黴素,Maduramicin,1,
氟滅菌,Flumequine,1,
拉薩羅,Lasalocid,1,
獸醫事務之中央主管機關,central competent authority of veterinary services,1,
監視結果,surveillance results,1,
目標取樣計畫,targeted sampling plans,1,
備忘錄,Memoranda of Understanding (MOU),1,食藥署
衛生協議,sanitary agreements,1,食藥署
臺澳乳製品輸入監測豁免瞭解備忘錄,Memorandum of Understanding Governing the Waiver of Import Food Safety Inspection of Dairy Products between Taiwan and Australia,1,食藥署
乳製品,Dairy Products,1,食藥署
食品安全檢驗,Food Safety Inspection,1,食藥署
藥用飼料,medicated feed,1,
自主檢查,own checks,1,
禁止輸入、輸出與上市,"prohibition of imports, export and marketing",1,
命令下架,orders on withdrawal from the market,1,
隔離,isolation,1,
拒收,rejection,1,
化學物質,chemical residue,1,TFDA
檢驗實驗室,inspection laboratory,1,TFDA
實驗室認證,accreditation services,1,TFDA
(EC) No 882/2004號規則,Regulation (EC) No 882/2004,1,
衛生機關,health authorities,1,
國際實驗室能力驗證,international inter-laboratory proficiency testing,1,
沙門氏桿菌,Salmonella enterica subsp. enterica serovar Cerro,1,
表皮葡萄球菌,Staphylococcus epidermidis,1,
綠膿桿菌,Pseudomonas aeruginosa,1,
植物乳酸菌,Lactobacillus plantarum,1,
嗜根柯克氏菌,Kocuria rhizophila,1,
EU,EU,1,中區管理中心、防檢署
Nicarbazine,Nicarbazine,1,中區管理中心、防檢署
Doxycycline,Doxycycline,1,中區管理中心、防檢署
官方管制計劃,OFFICIAL CONTROL PROGRAMS,1,
化學殘留控制計劃,chemical residues control program,1,
抽樣計劃,sampling plan,1,
測試分析物,tested analytes,1,
監測樣本,monitoring samples,1,
目標組織,targeted tissues,1,
重金屬監測計畫,monitoring program of heavy metal,1,
與畜場,abattoirs,1,
最大殘留容許量,Maximum residue limit (MRL),1,食品藥物管理署
動物用藥殘留標準,veterinary drug MRLs,1,食品藥物管理署
獸醫主管機關,"CA and other relevant authorities, organisation responsible for animal and veterinary public health",1,
自主管理能力,capability of self-management,1,
檢項,Test item,1,食品組1科
須再經加熱煮熟始得食用之冷凍食品,zen food that must be cooked9 before provide.,1,食品組1科
非供生食之冷凍生鮮水產品,Frozen raw aquatic products that not provide ready-to-eat,1,食品組1科
陰性,Not detected,1,食品組1科
生鮮即食水產品,Raw ready-to-eat aquatic products,1,食品組1科
混和生鮮即食水產品之生熟食混和即食食品,Ready-to-eat foods contain both raw aquatic products and processed food ingredient at once,1,食品組1科
供生食之冷凍生鮮水產品,Frozen raw aquatic products that provide ready-to-eat.,1,食品組1科
經加熱煮熟後再冷凍之水產品，僅需解凍或復熱即可食用者,"Frozen cooked aquatic products, may provide ready-to-eat after thawing or re-heat.",1,食品組1科
可接受的微生物限量,allowable level of microorganisms,1,食品組1科
最大安全限量,maximum allowable level of microorganisms,1,食品組1科
良好實驗室規範,good laboratory practice,1,
預防控制計劃,PCP (Pre-requisite Programs),1,食藥署
清潔標準操作程序,Sanitation SOPs,1,食藥署
前提控制計劃,Pre-requisite Programs,1,食藥署
屠宰,slaughter,1,食藥署
肉類製造業,meat processing plants,1,食藥署
肉品分切場,cutting and processing plant,1,食藥署
良好之作業規範,good manufacturing practices,1,TFDA
品質保證制度,quality assurance systems,1,TFDA
危害分析重要管制要點,Hazard Analysis and Critical Control Point (HACCP),1,TFDA
產品檢驗,product inspection,1,TFDA
生物安全（身分認證）程序,biosecurity (proof of identity) procedures,1,TFDA
生產場所和輸出設施之查核,inspection of processing premises and export facilities,1,TFDA
鮭魚製品之輸出要求,export requirements for salmonid products,1,TFDA
實驗室認證,accreditation of laboratories,1,
官方檢驗工作,official testing tasks,1,
實驗室檢測人員,laboratory testing staff,1,漁業署、研檢組
品管,quality control,1,漁業署、研檢組
實驗室安全,laboratory safety,1,漁業署、研檢組
實驗室間比對試驗,interlaboratory comparisons,1,漁業署、研檢組
檢驗品質,testing quality,1,漁業署、研檢組
健康與衛生要求,Health and hygiene requirements,1,
衛生生產,hygienic production,1,
食品安全風險,food safety risks,1,
食源性疾病,food-borne illness,1,
加工廠義務,The Obligations of Processing Plants,1,
法規,regulations,1,
食品製造業者訂定食品安全監測計畫指引,Guidelines for Food Manufacturers to Establish Food Safety Monitoring Programs,1,
食品安全監測計畫,Food Safety Monitoring Programs,1,
食品安全事件,food safety incidents,1,
突發性事件應變程序,emergency response procedures,1,
召回模擬演練,recall simulations,1,
乳製品,raw milk products,1,
β-內醯胺類,β-lactams,1,
四環黴素類,tetracyclines,1,
阿維菌素類,avermectins,1,
後市場抽驗,post-market,1,
獸醫/公共衛生實驗室,veterinary/public health diagnostic laboratories,1,
TFDA認可實驗室,TFDA accredited laboratories,1,
風險基礎評估,risk-based assessment,1,
上後市場取樣監測計畫,post-market sampling surveillance program,1,
接收與追溯,Receipt and traceability,1,
供應鏈的可追溯性,traceability of bivalve molluscs is maintained throughout the supply chain,1,
蛋鴨場,laying duck farms,1,BAPHIQ
農業統計年刊,Agricultural Statistics Yearbook,1,BAPHIQ
食品法規和標準,food regulations and standards,1,
食品業者的資訊,Food industry's information,1,
非登不可系統,Food and Medicinal Products Business Registration Platform,1,
食品相關法規及標準,Food-related regulations and standards,1,
食品安全衛生相關法律或規範,laws or regulations for food sanitation,1,
食品工廠,Food establishments,1,
肉類產品,meat processing businesses,1,
乳製品,dairy product processing businesses,1,
蛋製品,egg products processing plants,1,
乳品,milk and milk products,1,
乳製品加工業應符合食品安全管制系統準則,The Dairy Product Processing Industry Shall Conform to the Food Safety Control System (HACCP),1,
食源性疾病爆發,foodborne illness outbreak,1,
食品藥物管理署,TFDA (Taiwan Food and Drug Administration),1,
農業委員會,COA (Council of Agriculture),1,
食品安全衛生管理措施,actions taken by the competent authority in the governing of food safety and sanitation,1,
毒理,toxicology,1,
食品風險評估諮議會,food risk assessment advisory committee,1,
基因改造食品,genetically modified foods,1,
食品廣告標示,food advertising and labeling,1,
食品檢驗方法,food testing methods,1,
輸出肉類產品,exported meat products,1,
食品召回系統,Food recall system,1,
輸入國,Importing country,1,
召回,recalling,1,
雌二醇 17β,oestradiol 17β,1,
治療,therapeutic treatment,1,
肉類和／或蛋類查核,meat inspection,1,
肉品加工廠,meat processing industries,1,
食品原料,food ingredients,1,
食品安全衛生相關法規,food safety and sanitation regulations,1,
改善措施,improvement measures,1,
下架,withdrawal,1,
加熱肉品工廠,heat-treated meat establishment,1,食藥署
輸美產品,products exported to the US,1,食藥署
查檢表,Checklist,1,食藥署
豬肉原料來源,origin of the raw pork,1,食藥署
CCP點,CCP(s),1,食藥署
輸出實績,exported,1,食藥署
天然醃漬腸衣,natural salted intestinal casings,1,
食品安全衛生管理法,Act Governing Food Safety,1,
食品良好衛生規範準則,Sanitation and Regulations on Good Hygiene Practice for Food,1,
9 CFR 318.17(a)(1),9 CFR 318.17(a)(1),1,防檢局
即食性加熱全熟肉品,Heat treated Ready to Eat Meat Products,1,防檢局
主管機關之架構,structure of the competent authority,1,
動物衛生監督機關,animal health inspection authorities,1,
地方動物疫病檢驗局,Local Animal Disease Inspection Authorities (LADIAs),1,
法律或規範,laws or regulations,1,防檢署
私人獸醫,private veterinarians,1,防檢署
委員會 2002/657/EC 決議,Commission Decision 2002/657/EC,1,
委員會 (EC) 333/2007 號規則,Commission Regulation (EC) No 333/2007,1,
委員會 (EC) 401/2006 號規則,Commission Regulation (EC) No 401/2006,1,
委員會 (EU) 589/2014 號規則,Commission Regulation (EU) No 589/2014,1,
財團法人全國認證基金會,Taiwan Accreditation Foundation (TAF),1,
能力試驗,proficiency testing schemes,1,
水產副產品,fishery by-products,1,
農藥殘留量,pesticide residue limits,1,
檢驗計畫,monitoring plan,1,
大環內酯類抗生素,macrolide antibiotics,1,
衛生管制,hygiene control,1,
乳製品加工廠,dairy product processing plants,1,
HACCP 準則,HACCP guidelines,1,
乳品業,dairy sector,1,
乳製品業者,dairy products manufacturers,1,
生物、化學和物理危害,"biological, chemical and physical hazards",1,
高溫短時間加熱法,high-temperature short-time (HTST),1,
低溫長時間加熱法,low-temperature long-time (LTLT),1,
Regulation (EU) No 605/2010,Regulation (EU) No 605/2010,1,
鵪鶉蛋,Quail eggs,1,
全液蛋,Whole liquid eggs,1,
熟雞蛋,Boiled chicken eggs,1,
機械嫩化肉產品,Mechanically Tenderized Meat Products,1,
食品接觸面/非食品接觸面,FCS/NFCS,1,防檢局
後續抽樣,follow-up sampling,1,防檢局
食媒性病原菌,pathogen,1,防檢局
衛生程序矯正措施,corrective action,1,防檢局
檢驗機關（構),inspection agencies (institutions),1,防檢局
屠殺,slaughtering,1,
內臟摘出,evisceration,1,
進口,importing,1,
出口,exporting,1,
動物加工產品,processed animal product,1,
動物源產品之殘留物監測計畫,control plan for residues of ... animal products,1,
加工管控,Processing controls,1,
禁用動物用藥,prohibited animal drugs,1,防檢署
孔雀石綠,Malachite green,1,防檢署
化學及殘留物之管控,National chemical and residue controls,1,
動物產品之殘留獸藥市場監督主管機關,competent authorities for post-market surveillance of residual veterinary drugs in animal products,1,
不符合結果,non-compliance results,1,
高風險動物產品,high-risk animal products,1,
地方縣市政府衛生局,Local County/City Health Bureaus,1,
農產品或畜產品,agricultural or livestock products,1,
食品微生物官方分析方法,official methods of test for food microorganisms,1,
菌落總數,Aerobic Plate Count,1,
黴菌與酵母菌計數,Mold and Yeast Count,1,
蛋製品,products containing egg ingredients,1,
雌二醇17β,oestradiol 17β,1,防檢署
動物產品,products derived such animals,1,防檢署
熱帶性海魚毒中毒,Tropical marine fish poisoning,1,漁業署
食安法,Food Safety Act,1,漁業署
食品中毒,Food poisoning,1,漁業署
衛生福利部疾病管制署,"Centers Control and Prevention, Ministry of Health and Welfare",1,漁業署
西卡毒素,ciguatoxin,1,漁業署
魚肉,fish meat,1,漁業署
血清,serum,1,漁業署
血漿,plasma,1,漁業署
動物用藥品監測計畫,on-farm veterinary drug monitoring plan,1,
抗菌劑,anti-bacterial drugs,1,
後市場蛋品殘留物監測計畫,TFDA post-market residue monitoring plan for eggs,1,
肉製品,meat product,1,
檢查,inspection,1,
國家獸醫主管機關,national veterinary authority,1,
微生物之檢驗,microbiological testing,1,
輸出人,exporter,1,
書面資料審查,document review,1,
實地查核,on-site inspection,1,
豬肉屠體旋毛蟲檢測方法,Trichinella spiralis carcass testing methodology for pork meat,1,
香腸和肉類產品中的腌製方法,curing methods standards in sausages and meat products,1,
熱處理,thermal treatments,1,
冷凍方法,freezing methods,1,
毒素,toxins,1,
衛生單位,Ministry of Health and Welfare,1,
微生物與殘留物管制計畫,microbiological and residue control programmes,1,
農藥登錄,registration of approved pesticides,1,
農藥殘留容許量,pesticide residue limits,1,
官方食品管制,Official controls on Food,1,
食品鏈管制及監控,control and surveillance of Food Chain,1,
微生物控制,microbiological controls,1,
食品製造業,foods are being manufactured,1,
動物用藥殘留量,residues of veterinary drugs,1,
食品中POPs,POPs in food,1,
豬肉,Pork,1,
魚肝油,Cod liver oil,1,
國際品質標準認證,international quality standard accreditation,1,
稽查品質管理,inspection quality management,1,
熱處理肉品,Heat-treated meat,1,
罐裝肉品,Canned meat,1,
新加坡食品局,"AVA, Singapore",1,
進輸出管制,import and export controls,1,
不符合,non-compliances,1,
區域公眾衛生局,regional public health bureaus,1,
食品製造業,food business,1,
食品工廠,operators,1,
外部稽核計畫,External audit programs,1,
食品管制,food control,1,
食品緊急措施,Emergency measures for food,1,
現場檢驗,on-site examination,1,
邊境抽驗,border inspection,1,
即食抽樣計畫,Ready-to-Eat (RTE) Sampling Program,1,
食品接觸面海綿塊,FCS sponges,1,
非食品接觸面海綿塊,NFCS sponges,1,
即食性加熱全熟肉品,Ready to Eat Meat Products,1,
殘留監測相關的控制,residue-related control points,1,
原料蛋,domestic eggs,1,
食用肉類產品,Edible meat products,1,
認證實驗室,accredited laboratory,1,
食品藥物管理署,Directorate-General of the Food and Drug Administration (TFDA),1,食品藥物管理署
官方稽查人員,official inspectors,1,
水產副產品,aquatic product by-products,1,
HACCP,Hazard Analysis Critical Control Point,1,
查驗,inspection,1,
行政院食安聯合專案小組,Executive Yuan Joint Task Force for Food Safety,1,
指令 96/22/EC 第 11.2 條,Article 11.2 of Directive 96/22/EC,1,
法規 (EU) 2022/2292 附件 I 第 II 部分 G(6) 及 H(1) 點,"Annex I, Part II, point G(6) and H(1) of Regulation (EU) 2022/2292",1,
化學品,chemicals,1,食品藥物管理署
檢測項目,testing items,1,食品藥物管理署
蛋類與蛋製品衛生標準,Sanitation Standard for Egg and Egg Products,1,
輸入動物源原料之國家規定,National provisions for the import of raw materials of animal origin,1,
蛋,Eggs,1,
用於產蛋之家禽,Poultry intended for egg production,1,
經加工熱處理蛋,heat treated eggs,1,
架售穩定,shelf stable,1,
非架售穩定,not shelf -stable,1,
公務員服務法,Civil Service Act,1,
公職人員利益衝突迴避法,The Act on Recusal of Public Service due to Conflict of Interest,1,
輸入查核（與檢驗）,import inspection (and testing),1,漁業署、食品組
屠宰/收穫,slaughter/harvest,1,
輸出食品,establishments approved to export,1,
微生物及理化（例如：殘留物質）檢驗,microbiological and physicochemical (e.g. residual substances) testing,1,
食品安全計畫,food safety programs,1,食藥署(食品組)
食品安全管制系統準則,regulations on food safety control system,1,食藥署(食品組)
食品衛生訓練,Food Sanitation Training,1,
檢驗和管控,food examination and control,1,
可追溯來源,tracing their sources,1,
國產肉品,domestic meat,1,
進口肉品,imported meat,1,
摻入或汙染食品,adulteration or contamination of food,1,
攙假食品分析,Food Adulteration Analysis,1,
食源性寄生物分析,Foodborne Parasites Analysis,1,
食品衛生檢驗中央地方分工項目表,Central-Local Division of Food Hygiene Testing List,1,
查核與驗證,inspection and certification,1,BAPHIQ
食品安全衛生之預警及稽核制度,alert and auditing system of food safety and sanitation,1,BAPHIQ
食品安全風險,food safety risk,1,BAPHIQ
輸出產品,exported products,1,
確效,method validation,1,畜產
條例,Regulation,1,
蛋品殘留物監測計畫,monitoring plan for contaminants in egg products,1,
食品檢驗管制,food examination and control,1,TFDA
液相層析串聯質譜儀,liquid chromatograph tandem mass spectrometer (LC-MS/MS),1,
感應耦合電漿質譜儀,inductively coupled plasma mass spectrometer (ICP-MS),1,
實驗室認證,accredits laboratories,1,食藥署
證明書,certificates,1,食藥署
豬肉及其製品,pork and its products,1,食藥署
年度殘留監測計畫,annual residue monitoring program,1,
國內最大殘留限量,domestic maximum residue limits (MRLs),1,
農藥或獸藥殘留,pesticide or veterinary residue,1,
容許殘留限量,permissible tolerance,1,
直轄市或縣市主管機關,municipal or county/city competent authority,1,
早期召回,Early Recalls,1,
食品抽驗紀錄表,Food sampling Record Form,1,
殘留物監測計畫,Residue Control Plan,1,
食品中動物用藥品殘留監測計畫,Regulatory Programme for the Control of Veterinary Drug Residues in Food,1,
蛋品,eggs products,1,TFDA
最大殘留限量,Maximum Residue Limits/Levels (MRLs and MLs),1,
藥理活性物質（獸用藥）,pharmacologically active substances (veterinary medicines),1,
最低要求性能限量,minimum required performance limits (MRPLs),1,
食品中獸用藥品殘留限量標準,Standards for Veterinary Drug Residue Limits in Foods,1,
動物產品農藥殘留限量標準,Standards for Pesticide Residue Limits in Animal Products,1,
食品中污染物及毒素衛生標準,Sanitation Standard for Contaminants and Toxins in Food,1,
全國生產量,National production volume,1,
出口量,Volume of exports,1,
檢測樣本數量,sample number,1,
監測計畫,monitoring programs,1,
後市場蛋品殘留物監測計畫,post-market residue monitoring programme for egg products,1,
官方管控程序,official control programme,1,
衛生標準,food sanitary standards,1,
理事會指令96/23/EC,Council Directive 96/23/EC,1,
委員會決定 97/747/EC,Commission Decision 97/747/EC,1,
採樣水準和頻率,sampling levels and frequencies,1,
抗菌藥物,antibacterial substances,1,
水產品衛生,sanitation of fishery products,1,食品組
內部和外部審核,internal and external audits,1,食品組
外部督導,external audit,1,食品組
審計部,Board of Audit,1,食品組
進口食品公告,Importing Food Notice,1,
食品安全風險管理,risk management for food safety,1,
二噁英,Dioxins,1,
呋喃,furans,1,
多氯聯苯,PCB,1,
生前檢驗,Ante mortem,1,
進階肉品回收,Advanced Meat Recovery,1,
動物福利,Animal Welfare,1,
主管機關,Competent Authorities,1,
加拿大食品檢驗局,Canadian Food Inspection Agency,1,
食品業者,Food Business Operator,1,
良好農業規範,Good Agricultural Practices,1,
良好衛生規範,Good Hygiene Practices,1,
良好製造規範,Good Manufacturing Practices,1,
危害分析重要管制點,Hazard Analysis critical control point,1,
偵測極限,Limit of Detection,1,
機械分離肉,Mechanically Separated Meat,1,
國家動物產業基金會,National Animal Industry Foundation,1,
預防性管制計畫,Preventive Control Plan,1,
品質管理系統,Quality Management System,1,
即食,Ready-to-Eat,1,
死後檢驗,Post mortem,1,
獸用藥品,Veterinary Medicinal Product,1,
特定商品追溯性,traceability of specified commodity,1,
追溯或追蹤系統,traceability system for tracing the source and tracking the flow,1,
強制召回,compulsory recall,1,漁業署、食品組
藥物殘留,testing results (implied drug residue context),1,漁業署、食品組
漁業廠場（船舶）,fishery establishments(vessels),1,三區管中心、漁業署
A類出口名單,Class A Export List,1,三區管中心、漁業署
衛生檢驗,Hygiene inspection,1,三區管中心、漁業署
水產加工食品業,fishery products processing industry,1,三區管中心、漁業署
其他藥理活性物質,other pharmacologically active substances,1,防檢署
漁業法,Fisheries Act,1,
動物用藥品使用準則,The Guidelines for Use of Drugs in Aquaculture,1,
陸上吐沙池,wet storage at on-land facilities,1,
乳製品加工廠,dairy processing plants,1,
監督／查核,supervision/inspection,1,
獸醫處方藥管理銷售及使用條例,Regulation of management of sale and utilization of veterinary prescription drugs,1,
診斷結果,result of diagnosis,1,
藥物名稱,name of drug,1,
注意事項,precautions,1,
證明文件,proof documents,1,
食品安全及衛生管理法,Food Safety and Hygiene Management Act,1,防檢署
加熱處理猪肉產品,Heat-treated meat products,1,防檢署
猪肉查驗系統,Meat inspection system,1,防檢署
違規處罰,Penalties for Non-Compliance,1,
審核·註冊（廠場、農場和船隻）,"Approval·registration (establishments, farms, and vessels)",1,人事室、漁業署
進口/出口,Import/export,1,人事室、漁業署
國家立法,national legislation,1,
授權,authorisation,1,
分配,distribution,1,
投放市場,placing on the market,1,
含藥飼料,medicated feedingstuffs,1,
產品註冊證,product registration,1,BAPHIQ
生產或輸入動物用藥品許可證,license to manufacture or import veterinary drugs,1,BAPHIQ
國家微生物、化學物質與殘留物管制計畫,"National microbiological, chemical and residue control program",1,
後市場監測計畫,Post-market monitoring program,1,
乙型受體促進劑,β-agonists,1,
微生物監測,microbial monitoring,1,
生菌數,Total plate count,1,
確效,validation,1,
國際食品法典標準,CODEX- International Food Standards,1,
官方驗證制度,official certification system,1,
動物和公共衛生立法,animal and public health legislation,1,
飼料管制計劃,feed control programs,1,
TFDA 區管中心,TFDA Regional Centers,1,
食品邊境查驗,food border inspection management,1,
獸醫處方藥銷售與使用管理條例,Regulation of management of sale and utilization of veterinary prescription drugs,1,防檢署
動物健康服務,animal health services,1,
公共衛生服務,veterinary public health services,1,
酪農業,dairy,1,
加工品,processing plants,1,
乳品加工廠,dairy processing plants,1,
輸入查(檢)驗,import inspection (and testing),1,
同等標準,equivalent standard,1,
符合歐盟條件的分離群體,segregated EU-eligible population,1,
委員會決定,Commission Decision,1,
糾正措施,corrective actions,1,
食品良好衛生規範,Good Hygiene Practice for Food (GHP),1,
製程及品質管制,manufacturing process and quality control,1,
基因改造食品,genetically modified food,1,
追蹤追溯及標示,traceability and labeling,1,
包裝食品含基因改造食品原料標示應遵行事項,Labeling Requirements for Prepackaged Food Containing Ingredients of Genetically Modified Organisms,1,
基因改造,genetically-modified,1,
食品安全取樣和測試,food safety sampling and testing,1,
食品業者,food operators,1,食品藥物管理署
外銷食品,export food,1,食品藥物管理署
加拿大法規,Canadian regulations,1,食品藥物管理署
地方衛生局,local governments and health bureaus,1,食品藥物管理署
預包裝食品,prepackaged foods,1,
畜禽衛生管理,animal health management,1,
漁場,fish farm,1,漁業署
漁船,vessels,1,漁業署
召回後檢討,Post-Recall Reviews,1,
消毒,disinfection,1,
改正,corrections,1,
主管機關,competent authorities (CAs),1,
企劃與科技管理組,Division of Planning & Research Development,1,
藥品組,The Division of Medicinal Products,1,
醫療器材及化妝品組,Division of Medical Devices & Cosmetics,1,
食品相關之人員,food-related staff,1,
輸出檢疫與衛生證明書,veterinary and health certificates,1,
衛生管理標準,sanitary control standards,1,食藥署(食品組)
衛生管理和記錄管理,sanitary control and record management,1,食藥署(食品組)
病媒防治,Pest control,1,食藥署(食品組)
食品之良好衛生規範準則,regulations on good hygiene practice for foods (GHP),1,食藥署(食品組)
進口水產品,imported fishery products,1,三區管理中心、食品組2科
感官檢驗,organoleptic testing,1,三區管理中心、食品組2科
深度檢驗,in-depth test,1,三區管理中心、食品組2科
衛生標準,sanitary standards,1,
食品稽查,food inspection,1,
肉類檢驗系統,meat inspection system,1,
食品原料,Food ingredient,1,
一般衛生標準,general sanitary standards,1,
食品製造和加工,food manufacturing and processing,1,
低溫食品,low-temp foods,1,
風險緩解處理,risk mitigating treatment,1,
歐盟委員會第 2020/692 號授權法規,Commission Delegated Regulation 2020/692,1,
皮蛋,Preserved eggs,1,
食物中毒,foodborne outbreak,1,
殘留控制計畫,residues testing,1,
兔子及馴養野味,Rabbits and farmed game,1,
追溯或追蹤系統,traceability system,1,
RTE 肉製品,RTE meat products,1,
輸美熱處理即食肉類產品衛生安全採樣和分析系統實施指南,Guidelines Governing Implementation of Hygiene and Safety Sampling and Analysis System for Heat-Treated Ready to Eat Meat Products Intended for Export to the United States,1,
濃縮介質,enrichment media,1,
篩選性培養基,selective agar,1,
血清型,serotyping,1,
良好實驗室實踐,Good Laboratory Practices,1,
品質管理體系,quality management system,1,
全國認證基金會,Taiwan Accreditation Foundation,1,
國際實驗室認證聯盟,International Laboratory Accreditation Cooperation,1,
亞太認證合作組織,Asia Pacific Accreditation Cooperation,1,
國際相互承認協議,Mutual Recognition Arrangement,1,
TFDA 稽查員,TFDA inspectors,1,
食品危機處理,Food Crisis,1,
食品安全衛生預警及稽核制度,alert and auditing system of food safety and sanitation,1,
養殖水產品移動管制,move control of aquatic products,1,漁業署
食品的緊急措施,Emergency measures for food,1,
限制或停止輸入查驗,suspend import,1,
化學殘留監測計畫,chemical residue surveillance program,1,TFDA
不合格樣品,non-compliant samples,1,TFDA
標準作業程序,Standard Operating Procedures(SOP),1,
食品安全事件,food safety accidents,1,
緊急應變措施,emergency response actions,1,
商業輸出,commercial exports,1,
動物,animals,1,
肉類,meats,1,
TFDA 技術部門,TFDA technical departments,1,
區域管理中心,Regional Centers,1,
水產加工食品業應符合食品安全管制系統準則之規定,The Provisions of Aquatic Product Processing Industries Shall Meet the Regulations on Food Safety Control System,1,
不合格情事,non-compliances,1,
食品,food product,1,
食品工廠,establishment,1,
蛋品業,egg sector,1,
生產場所,production sites,1,
(EC) 882/2004 號規則附錄 2,Annex II to Regulation (EC) No 882/2004,1,
微生物採樣和測試計劃,microbiological sampling and testing programs,1,
國際標準組織,International Organization for Standardization (ISO),1,
國際電工委員會,International Electrotechnical Commission (IEC),1,
品質保證和管制標準,quality assurance and control criteria,1,
國家殘留物監測計畫,national residue control plan,1,中央主管機關
國家型動物用藥殘留監測計畫,national monitoring plan for veterinary drug residues,1,防檢署
動物用藥品殘留監測計畫,veterinary drug residue monitoring plan,1,防檢署
法規容許量,regulatory tolerance,1,TFDA
最大殘留限量,MRLs and MLs,1,TFDA
獸醫服務,veterinary service,1,
食品之良好衛生規範準則（GHP）,Regulations on Good Hygiene Practice for Food (GHP),1,
輸入至國內之鮭魚原料,importation of salmonid raw materials into the country,1,
法律、規定、標準、作業規範和（或）行政程序,"laws, regulations, standards, codes of practice and/or administrative procedures",1,
預檢批准,Pre-inspection approval,1,
生物安全,Biosecurity,1,
抵達後檢疫和檢驗,Quarantine and testing – post-arrival,1,
抵達後處置,Processing or treatment requirements – post-arrival,1,
藥物殘留監測計畫,surveillance programs of drugs residue,1,
中央及地方衛生主管機關,central and local health authorities,1,
RTE 產品,RTE product,1,TFDA
頒布的方法,promulgated methods,1,TFDA
前處理,preparation,1,
菌株分離,isolation,1,
鑑別,identification,1,
目標取樣,Targeted (directed) sampling,1,
輸銷歐盟,exporting to EU,1,
檢測限,detection limit,1,
紅黴素,erythromycin,1,
克拉黴素,clarithromycin,1,
林可黴素,lincomycin,1,
克林黴素,clindamycin,1,
定量限,limit of quantification,1,
歐盟最低要求性能限值,EU minimum required performance limit (MRPL),1,
食品中農藥殘留限量標準,Standards for Pesticide Residue Limits in Foods,1,
禽畜與水產養殖場,"animal farms (of livestock, poultry and aquaculture)",1,
飼料製造廠,feed factories,1,
生體抽樣檢查,biopsies,1,
上市前,pre-market,1,
指定/重新指定實驗室,designating/re-designating a laboratory,1,
乳製品場所,dairy establishments,1,
獸醫主管部門,veterinary competent authority,1,
現場查核及抽樣檢驗,on-site examination and conducting sampling and testing,1,
實地訪查,On-site visits,1,
等效性評估,assessing equivalence,1,
管理系統,regulatory systems,1,
加工,process,1,
輸銷,export,1,
視訊查核,video verification,1,
處方動物用藥,veterinary prescription drugs,1,防檢署
用法用量,dosage,1,防檢署
其他食品,other foods,1,
碘-131,I-131,1,
銫-134+137,Cs-134+137,1,
殘留監測計畫,residues monitoring plan,1,
保留條款2017/625,Retained Regulation 2017/625,1,
後市場監控計畫,post-market monitoring plan,1,
歐盟委員會指令96/23/EC,Council Directive 96/23/EC,1,
委員會決定97/747/EC,Commission Decision 97/747/EC,1,
不合格樣品,non-compliant sample,1,
邊境人員,staff at border,1,
食品衛生安全,Food sanitation and safety,1,
企劃及科技管理組,Division of Planning & Research Development,1,
衛生管理,management of food sanitation and safety,1,
衛生署,MOHW,1,
萃取溶劑,extraction solvents,1,
加工助劑衛生標準,Sanitation Standard for Processing Aids,1,
加工助劑,Processing Aids,1,
動植物及其製品驗證,Certification of animals/plants and products,1,
預防控制程序,PCPs,1,
殘留氣體,residual gas,1,
保溫檢測,incubation testing,1,
品保要求,quality assurance,1,
肉類及肉類產品,meat and meat products,1,
召回程序,procedures to be followed in situation of a recall,1,
邊境查驗自動化管理系統,"Imported Food Information System, IFI",1,
食品追溯追蹤管理資訊系統,Food Traceability Management Information System,1,
實驗室資訊管理系統,Laboratory Information Management System (LIMS),1,
保水劑,Super absorbent polymers,1,
監測計劃,monitoring plan,1,
殘留容許量,MRL,1,
定量限界,limits of quantitation (LOQs),1,
農、畜、禽及水產品,"agricultural, livestock, poultry and aquatic products",1,
肉品業者,meat establishments,1,
國家監測計畫之法律依據,legal basis of the national residue monitoring plan,1,
動物用藥品殘留標準,standards for veterinary drug residues,1,
上市前檢測,pre-market test,1,
畜牧養殖場,animal farms,1,
雞蛋加工廠,egg processing establishments,1,BAPHIQ
市場監測計畫,post-market monitoring plan,1,BAPHIQ
TRACES,TRACES,1,BAPHIQ
產地資訊,material's origin information,1,BAPHIQ
食品加工程序,food processing procedure,1,BAPHIQ
出口證明書,export certificate,1,BAPHIQ
衛生證明書,Manufactured Sanitary Certificate,1,BAPHIQ
肉類、乳製品及蛋製品出口至歐盟指南,"Directions on the meat, dairy and egg products exported to the European Union",1,BAPHIQ
達普生,dapsone,1,
二甲雙胍,dimetridazole,1,
乳品類,milk and milk products,1,
加工及生產流程,processing and production procedure,1,防檢局
出口業者,exporters,1,防檢局
虛假或誤導性驗證,false or misleading certification,1,
衛生管制,sanitary monitoring,1,
蛋類殘留計畫,Residue Plan for Eggs,1,BAPHIQ、TFDA
製造加工及流通監管,manufacturing processing and circulation supervision,1,
跨部會聯合稽查,Collaborative cross-department inspection,1,
預警情資,precautionary information,1,
供銷及產製衛生安全,hygiene and safety of the traceable products in the supply and marketing chain,1,
食藥犯罪查緝小組,food and drug crime investigation team,1,
精熟（度）檢驗方案,proficiency testing programmes,1,
軟質乾酪,soft cheese,1,
液蛋,liquid egg,1,
胡椒粉,ground peppers,1,
食品分析方法,analytical methods for food,1,
中央主管機關,Central Competent Authorities,1,
動植物衛生,animal health,1,
自主測試,self-testing,1,
食品良好衛生規範準則,Regulation on Good Hygienic Practice (GHP) for Food,1,
食品聯合查核計畫,joint inspection program for food products,1,
小牛肉,veal,1,防檢局
綿羊,sheep,1,防檢局
山羊,goat,1,防檢局
鯰形目魚,Siluriformes fish,1,防檢局
雞,chickens,1,防檢局
火雞,turkeys,1,防檢局
鴨,ducks,1,防檢局
鵝,geese,1,防檢局
珠雞,guineas,1,防檢局
平胸鳥類,ratites,1,防檢局
乳鴿,squabs,1,防檢局
雞蛋之產品檢驗,egg products inspection,1,防檢局
認證檢驗機構,certifying inspection agencies,1,防檢局
檢查驗證活動,inspection verification activities,1,防檢局
認證機構,accreditation bodies,1,防檢局
輸銷美國食品衛生安全管理系統驗證作業指南（草案）,Guidelines Governing Implementation of Hygiene and Safety Management System Certification for Heat-treated Ready to Eat Meat Products Intended for Export to the United States (Draft),1,防檢局
輸銷美國加熱全熟肉品衛生安全取樣分析作業指南（草案）,Guidelines Governing Implementation of Hygiene and Safety Sampling and Analysis System for Heat-treated Ready to Eat Meat Products Intended for Export to the United States (Draft),1,防檢局
輸美產品檢查,inspection on the... products exporting to the U.S.,1,防檢局
驗證計畫,verification programme,1,
歐盟規定,Commission Implementing Regulation (EU) 2022/1646 and Commission Delegated Regulation (EU) 2022/1644,1,
確定試驗,confirmatory analysis,1,食藥署
菌種確認,bacterial strain confirmation,1,食藥署
輸銷美國加熱全熟肉品衛生安全取樣分析作業指南,Guidelines Governing Implementation of Hygiene and Safety Sampling and Analysis System for Heat-treated Meat Products Intended for Export to the United States,1,食藥署
微生物污染,microorganism contamination,1,食藥署
食品場所與設施,Establishment grounds and facilities,1,
食品業者衛生管理,Hygiene management for the business operators,1,
地方主管機關,local competent authority,1,
藥飼料,medicated feeding stuffs,1,防檢署
給藥途徑,route of drug delivery,1,防檢署
化學殘留物監視計畫,chemical residue surveillance program,1,TFDA
食用蛋,table egg,1,
殘留物計畫,Residue Plan,1,
農業/工業化學殘留物,agricultural/industrial chemical residues,1,
容許量,tolerances,1,
產品下架計畫,withdrawal program,1,
動物產品中農藥殘留容許量標準,Standards for pesticide residue limits in animal products,1,
公職獸醫師,public veterinarians,1,漁業署、食品組
食品檢查員,food inspectors,1,漁業署、食品組
獸醫助理,veterinary assistants,1,漁業署、食品組
食品科學,food science,1,漁業署、食品組
動物科學,animal science,1,漁業署、食品組
水產食品科學,fishery food science,1,漁業署、食品組
獸醫,Veterinary medicine,1,漁業署、食品組
藥學,pharmacy,1,漁業署、食品組
漁業科學,fishery science,1,漁業署、食品組
環境生物,environmental biology,1,漁業署、食品組
抽樣與檢驗,sampling and testing,1,
食品衛生、安全及品質,"food sanitation, safety and quality",1,
流通稽查,"distribution, and auditing",1,
法規(EU) 2021/405 附件I,Annex -I to Regulation (EU) 2021/405,1,
殘留物監控計畫,residues testing results,1,
檢疫與衛生證明書,veterinary and health certificates,1,
我國加熱肉品輸銷美國之生產工廠查核計畫查檢表,Checklist for the Inspection Plan to Audit the Establishments Producing Heat-Treated Meat Products for the United States,1,防檢局
食品業者之登錄,registration of food business,1,
官方(獸醫)服務,official (veterinary) services,1,
食品安全與衛生管理,management of food safety and sanitation,1,
畜禽屠宰及分切,slaughtering and cutting of livestock and poultry,1,
食品廠,establishments manufacturing food products,1,BAPHIQ
食品安全,Food Safety,1,
牛乳,milk,1,
輸歐盟漁產品供貨漁船衛生管理作業要點,Directions on the Hygiene Management of Fishing Vessels Exporting Fishery Products to the European Union,1,漁業署
藥物殘留,drug and chemical residues,1,漁業署
A組物質組,Group A substance groups,1,
歐盟2022/1644及2022/1646相關規定,Commission Implementing Regulation (EU) 2022/1644 and Commission Implementing Regulation (EU) 2022/1646,1,
食品業者,Food Business Operators,1,
採樣計畫,sampling plans,1,
動物用藥殘留,animal drugs residue,1,
腸道沙門氏菌,Salmonella enterica,1,
動物用藥,veterinary residue,1,
食品相關原料,foods related materials,1,
直轄市或縣（市）主管機關,municipal or county/city competent authority,1,
法規(EU) 2021/405,Regulation (EU) 2021/405,1,
殘留物監控計畫,residues testing,1,
殘留控制計劃,residue control plan,1,
加工蛋品,processing egg products,1,
國家微生物控制計畫抽樣計劃,National microbiological control program sampling plan,1,
製程管理及品質管制,Process management and quality control,1,
衛生和採樣稽查,sanitary and collection inspections,1,
行政院食安聯合稽查,Executive Yuan Joint Task Force for Food Safety,1,
溯源產品,traceable products,1,
肉品檢查系統,meat inspection system,1,
生物安全計畫,Biosafety Plan,1,食藥署
食媒性疾病,foodborne illness,1,
追溯與追蹤調查,trace-back and trace-forward investigations,1,
乳製品加工業者,dairy processing businesses,1,
追溯追蹤系統,trace and traceability system,1,
產品回收,products recall,1,
食源性疾病事件,foodborne illness events,1,
主管機關,central competent authority,1,
食品的標示、宣傳或廣告,"food labeling, promotion, or advertising",1,
加工（熱）肉品,processed (heat-treated) meat products,1,食藥署
生物安全計畫,BP,1,食藥署
危害分析重要管制點,Hazard Analysis and Critical Control Points (HACCP),1,食藥署
追溯追蹤,traceability systems,1,食藥署
原料肉,raw meat materials,1,食藥署
國家參考實驗室,National reference laboratory,1,北區管理中心、漁業署、研檢組
委託檢測實驗室,consigned testing laboratories,1,北區管理中心、漁業署、研檢組
食品輸入,importing,1,
食品輸出,exporting,1,
肉類產品加工廠,meat product processing plants,1,
食安管制,FOOD SAFETY CONTROLS,1,
腸道致病性大腸桿菌,Enteropathogenic Escherichia coli,1,
農藥,Pesticides,1,
麻痺性貝類毒素,Paralytic shellfish poison,1,
河豚毒素,Tetrodotoxin,1,
組胺,Histamine,1,
黴菌毒素,Mycotoxins,1,
諾羅病毒,Norovirus,1,
輪狀病毒,Rotavirus,1,
內部審核,internal audit,1,食品組
稽查,auditing,1,食品組
業者輔導,industry coaching,1,食品組
能力試驗機構,PT providers,1,監管組
動物用藥,veterianry drugs,1,
環境檢測報告,environmental tests,1,
分離系統,"split (or, segregated) system",1,
外部督導,external audits,1,防檢署、食藥署(食品組)
食品加工廠衛生管理,sanitary management of food processing plants,1,防檢署、食藥署(食品組)
待檢測物質清單,list of substances to be detected,1,
待測基質,matrices to be tested,1,
動物組織,animal tissues,1,
體液,body fluids,1,
偵測極限,analytical limits of detection,1,
行動標準,action levels,1,
國際容許,national tolerances,1,
食品中的重金屬最大殘留限量,maximum levels of metals in food,1,
戴奧辛含量,dioxin content,1,
漁業經營者,Fishery operators,1,
登錄名單,approval list,1,
移動管制,movement control,1,
核可輸美之廠場,certified establishment,1,
動物福利,animal welfare,1,
屠前檢查,ante-mortem,1,
屠後檢查,post-mortem,1,
衛生標準操作程序,Sanitation Standard Operating Procedures (Sanitation SOPs),1,
衛生作業標準,Sanitation Performance Standards (SPS),1,
危害分析和關鍵管制點,Hazard Analysis and Critical Control Points (HACCP),1,
標示確認,labeling verification,1,
輸出證明,export certification,1,
輸入檢查,import inspection,1,
美國輸入要求,U.S. import requirements,1,
屠宰和加工操作,slaughter and processing operations,1,
最高殘留限量,maximum residue limits,1,
未經授權或禁止用於生產食品之動物使用的藥理活性物質,pharmacologically active substances which are either unauthorised or prohibited from use in food-producing animals,1,
動物用藥殘留標準,standards for veterinary drug residue limits,1,APHIA
硝基呋喃代謝物,nitrofurans metabolites,1,TFDA
屠前及屠後檢查,ante and post mortem inspections,1,
食品業者登錄管理辦法,Regulations Governing the Registration of Food Businesses,1,
食品廠建設及設備標準,The Establishment Standards of Construction and Equipment of a Food Factory,1,
動物疾病診斷,animal disease diagnosis,1,
動物衛生管理,animal health management,1,
肉品微生物學,meat microbiology,1,
品質保證計畫,quality assurance program,1,
海鮮,seafood,1,
果汁,fruit juicy,1,
罐頭,canning,1,
豆製品,soy products,1,
油脂,oil,1,
追溯查核,traceability audit,1,
美國食品法規,Food Laws of the United States,1,
即食產品,RTE Products,1,
監管驗證程序,Regulatory verification and enforcement procedures,1,
加熱處理肉製品,heat-treated meat products,1,
歐盟最高殘留限量,EU MRLs,1,
歐盟最大殘留限量,MLs,1,
化學殘留物測試分析方法,methods of analysis for chemical residues testing,1,食品藥物管理署
國家化學殘留物監測計畫,national chemical residues monitoring plan,1,食品藥物管理署
蛋及蛋製品,eggs and egg products,1,
室溫貯存設施,storage facility at ambient temperature,1,
洗選蛋,Wash egg,1,
全蛋液,Whole liquid egg,1,
蛋製品,Egg processing products,1,
熟雞蛋,Boiled Chicken Eggs,1,
半熟雞蛋,Soft Boiled Chicken Eggs,1,
稽查員,inspectors,1,
官方輔助人員（稽查助理）,official auxiliaries(inspection assistants),1,
停藥期,withdrawal periods,1,
生產牧場,production holdings,1,
水體採樣計畫,plan for water sampling,1,
蛋製品加工廠,egg products processing establishments,1,
監視/監測紀錄,surveillance/ monitoring records,1,
豬肉及其加工產品,pork samples including offal,1,
硝基呋喃代謝物,nitrofurans,1,
硝基二唑,nitroimidazoles,1,
乙類興奮劑,β-agonists,1,
卡巴多克斯,carbadox,1,
奎寧酸,quinolones,1,
外銷食品業者,export food companies,1,
法規要求,legal requirements,1,
歐盟法規,EU requirements,1,
食源性疾病爆發,foodborne disease outbreaks (FBDO),1,
肉毒桿菌中毒,botulism,1,
化學中毒,chemical poison,1,
食品衛生安全管理法,Act Governing Food Safety and Sanitation,1,
受託機構,Commissioned laboratories,1,食藥署(監管組)
危害分析重要管制點,Hazard Analysis critical Control Point,1,
摘除內臟,evisceration,1,
分割,dividing,1,
細切,chopping,1,
食品衛生良好ปฏิบัติ規範 (GHP),Regulations on Good Hygiene Practice for Food (GHP),1,
危害分析重要管制點 (HACCP),Regulations on Food Safety Control System (HACCP),1,
檢驗方法,Testing methods,1,三區管理中心
食藥署區管中心,Regional Administration Centers of the TFDA,1,
查核及檢驗計畫,Inspection and Testing Projects,1,
協調管理系統,coordinated management system,1,
食品安全緊急情況,food safety emergencies,1,
不合規樣品,non-compliant sample,1,
可操作殘留物,actionable residue,1,
地方政府衛生局,local health bureau,1,
HACCP稽查專案,HACCP audit project,1,
肉類加工廠,meat products processing establishments,1,
地方衛生主管機關,local health agencies,1,
監測食品內重金屬含量,monitoring on content of heavy metal in food,1,
監測市售畜產品之動物用藥殘留,surveillance of veterinary drug residue in commercial livestock products,1,
添加物,additives,1,
回收產品,recalling of products,1,
蛋中動物用藥殘留,residues of veterinary medicines in eggs,1,
指令 96/23/EC,Directive 96/23/EC,1,
歐盟最大殘留容許量,EU maximum residue limits,1,
最大容許限量,maximum limits,1,
帶殼蛋,shell eggs,1,
後市場監視計畫,post-market surveillance program,1,
檢驗報告,COA reports,1,
食品安全衛生管理法,Act Governing Food and Sanitation,1,
試驗與檢查工作,testing and inspection works,1,
蛋品業管制,official controls in the egg sector,1,
食品衛生查核員訓練,food hygiene inspectors training,1,TFDA
乳製品,Dairy,1,TFDA
肉類,Meat,1,TFDA
肉品加工,Meat processing,1,TFDA
NZFSA 查驗系統：國內與國際等效性以及重新查驗計畫,NZFSA Inspection System: Domestic and International Equivalence and Re-Inspection Program,1,
美國動植物防疫檢疫署（APHIS）：食品安全檢驗與動植物防疫檢疫措施協定,Animal and Plant Health Inspection Service (APHIS): Agreement on the Application of Sanitary and Phytosanitary Measures,1,APHIS
澳洲乳製品,Australian dairy,1,TFDA
美國乳製品,American dairy,1,TFDA
環試驗,ring tests,1,
食品微生物,Food Microbiology,1,
法規(EU) 605/2010,Regulation (EU) 605/2010,1,
歐盟核准之食品廠,EU-approved establishments,1,
乳品加工食品業應符合食品安全管制系統準則（HACCP）,The Dairy Product Processing Industry Shall Conform to the Food Safety Control System (HACCP),1,
乳品加工業,dairy product processing industries,1,
低溫長時間殺菌法,low-temperature long-time (LTLT),1,
殘留物監測計畫,control plan for pesticide residues,1,食藥署
最大殘留限量,Maximum Residue Level (MRL),1,食藥署
丙烯菊酯,allethrin,1,食藥署
食品製造業者,food business operators,1,
食物安全重點控制系統,HACCP,1,
食品檢驗機構認證及委外認證管理辦法修正案,Amendments to the Regulations Governing Accreditation and Outsourced Accreditation Management of Food Testing Institution,1,TFDA
蛋類獸藥殘留,veterinary drug in eggs,1,TFDA
衛生證明書,sanitation certificate,1,
農藥殘留標準,Standards for Pesticide Residue Limits in Foods,1,
獸藥殘留標準,Standards for Veterinary Drug Residue Limits in Foods,1,
食品清洗劑衛生標準,Sanitation Standard for Food Cleansers,1,
食品添加物規格、範圍、應用及限制標準,"Standards for Specification, Scope, Application and Limitation of Food Additives",1,
良好衛生規範,Good Hygienic Practices (GHP),1,
良好製造規範,Good Manufacturing Practices (GMP),1,
台灣優質食品,TQF (Taiwan Quality Food),1,
食品及相關產品回收及銷毀管理辦法,Regulations of Recall and Destruction for Food and Related Products,1,
肉品產品,meat products,1,
供人食用水生生物產品,hydrobiological products for human consumption,1,
分析,analytical,1,
